website,vendor,vendorMethod
1000webu.com,IBM,modeled
100e6.com,IBM,modeled
195tt.com,IBM,modeled
1pc-support.com,IBM,modeled
4bbcorp.com,IBM,modeled
4bbcorp.com,IBM,modeled
4bbcorp.com,IBM,modeled
4sew.com,IBM,modeled
absinfotel.com,IBM,modeled
absinfotel.com,IBM,modeled
accedia.com,IBM,modeled
access.on.ca,IBM,modeled
access.on.ca,IBM,modeled
access.on.ca,IBM,modeled
access.on.ca,IBM,modeled
accesssciences.com,IBM,modeled
accesssciences.com,IBM,modeled
acclivius.com,IBM,modeled
activeplus.com,IBM,modeled
activeworx.com,IBM,modeled
acuvate.com,IBM,modeled
adarshkumarr.com,IBM,modeled
addepar.com,IBM,modeled
addissmart.com,IBM,modeled
addonsystems.com,IBM,modeled
addonsystems.com,IBM,modeled
adeptechllc.com,IBM,modeled
advanced-infosystems.com,IBM,modeled
advantagepoint-tech.net,IBM,modeled
aegis.net,IBM,modeled
afsg.net.au,IBM,modeled
agara.ai,IBM,modeled
agritechventureforum.com,IBM,modeled
agvoiceglobal.com,IBM,modeled
ainfosys.com,IBM,modeled
airportsandhotelsblog.wordpress.com,IBM,modeled
airwiretech.com,IBM,modeled
ai-sys.com,IBM,modeled
aitech.com.pl,IBM,modeled
akomtechnologies.com,IBM,modeled
aldrichtechnology.com,IBM,modeled
aliceandbob.company,IBM,modeled
alineds.com,IBM,modeled
alineds.com,IBM,modeled
alineds.com,IBM,modeled
alliance-micro.com,IBM,modeled
allware.net.au,IBM,modeled
allwisesolutions.net,IBM,modeled
alphabetsoftwares.in,IBM,modeled
alphait.us,IBM,modeled
alphait.us,IBM,modeled
alweereenfotowebsite.nl,IBM,modeled
amorelectronics.com,IBM,modeled
amorelectronics.com,IBM,modeled
anacomputer.com,IBM,modeled
analyticslord.com,IBM,modeled
ansayconsulting.com,IBM,modeled
antalyabarkodsistemleri.com,IBM,modeled
anteantech.com,IBM,modeled
antennadesign.com,IBM,modeled
antennadesign.com,IBM,modeled
antennadesign.com,IBM,modeled
aperti.com,IBM,modeled
apis-iq.com,IBM,modeled
apis-iq.com,IBM,modeled
aplus-informatique.fr,IBM,modeled
aptecllc.com,IBM,modeled
aptecllc.com,IBM,modeled
ar4tech.com,IBM,modeled
archersys.readthedocs.io,IBM,modeled
arcticnetworks.com,IBM,modeled
ardentsystems.com.au,IBM,modeled
arm-network.com,IBM,modeled
arria.com,IBM,modeled
arstechnica.com,IBM,modeled
arstechnica.com,IBM,modeled
arstechnica.com,IBM,modeled
arstechnica.com,IBM,modeled
arstechnica.com,IBM,modeled
articsolutions.net,IBM,modeled
artisandesigngroup.us,IBM,modeled
artraffic.com,IBM,modeled
artraffic.com,IBM,modeled
aryasysnetwork.blog.ir,IBM,modeled
ashlar.com,IBM,modeled
aspen-systems.net,IBM,modeled
asppa.org,IBM,modeled
astadia.com,IBM,modeled
astadia.com,IBM,modeled
astadia.com,IBM,modeled
astadia.com,IBM,modeled
astechsolutions.in,IBM,modeled
atc.co.jp,IBM,modeled
ateliermw.com,IBM,modeled
atlantica.it,IBM,modeled
atomcloud.ru,IBM,modeled
atsi.in,IBM,modeled
audiovideocorp.com,IBM,modeled
audiovideocorp.com,IBM,modeled
audiovideocorp.com,IBM,modeled
automatedcarparks.com,IBM,modeled
autoxloo.com,IBM,modeled
avant.digital,IBM,modeled
avepoint.com,IBM,modeled
avepoint.com,IBM,modeled
avservice2006.ru,IBM,modeled
awara-marketing.com,IBM,modeled
axiomaticconsulting.com,IBM,modeled
azmag.gov,IBM,modeled
azmag.gov,IBM,modeled
b2bdigitaltransformation.com,IBM,modeled
bahnconsulting.com,IBM,modeled
ballantynedesigns.com,IBM,modeled
bantamedicalservices.com,IBM,modeled
barecovetechnologies.com,IBM,modeled
bariscelik.com,IBM,modeled
barkleyconsultinggroup.com,IBM,modeled
bechtle.com,IBM,modeled
bechtle.com,IBM,modeled
bechtle.com,IBM,modeled
bechtle.com,IBM,modeled
bechtle.com,IBM,modeled
bechtle.com,IBM,modeled
bechtle.com,IBM,modeled
bechtle.com,IBM,modeled
bestcloudapps.com,IBM,modeled
betasystems.com,IBM,modeled
betasystems.com,IBM,modeled
bgsystems.com.br,IBM,modeled
bgsystems.com.br,IBM,modeled
binaryglobal.com,IBM,modeled
binaryglobal.com,IBM,modeled
binsoft.az,IBM,modeled
biotecnologiemediche.it,IBM,modeled
bk.com,IBM,modeled
blackmereconsulting.com,IBM,modeled
blockchainforsocialimpact.com,IBM,modeled
blog.introduce.com.br,IBM,modeled
bluestate.co,IBM,modeled
bmitech.com,IBM,modeled
bmitech.com,IBM,modeled
brainsii.com,IBM,modeled
breakthru.com.au,IBM,modeled
bridal-solutions.co.jp,IBM,modeled
cables-and-networks.com,IBM,modeled
cadwynsolutions.com,IBM,modeled
caltechosting.com,IBM,modeled
canon-its.co.jp,IBM,modeled
canon-its.co.jp,IBM,modeled
canweb.com,IBM,modeled
canweb.com,IBM,modeled
cardatechnologies.com,IBM,modeled
cardinalplazashell.com,IBM,modeled
careers.ciena.com,IBM,modeled
casinoweb.gr,IBM,modeled
cbtechinc.com,IBM,modeled
cbtechinc.com,IBM,modeled
cbtechinc.com,IBM,modeled
cbtechinc.com,IBM,modeled
cbtechinc.com,IBM,modeled
cca.edu,IBM,modeled
cca.edu,IBM,modeled
cca.edu,IBM,modeled
cdksys.com,IBM,modeled
cdksys.com,IBM,modeled
cdksys.com,IBM,modeled
cdksys.com,IBM,modeled
cdotech.com,IBM,modeled
centennialcollege.ca,IBM,modeled
centennialcollege.ca,IBM,modeled
centennialcollege.ca,IBM,modeled
centennialcollege.ca,IBM,modeled
centennialcollege.ca,IBM,modeled
centennialcollege.ca,IBM,modeled
centennialcollege.ca,IBM,modeled
centennialcollege.ca,IBM,modeled
centennialcollege.ca,IBM,modeled
centennialcollege.ca,IBM,modeled
centennialcollege.ca,IBM,modeled
centennialcollege.ca,IBM,modeled
centennialcollege.ca,IBM,modeled
centennialcollege.ca,IBM,modeled
centeronesolutions.com,IBM,modeled
centrestack.com,IBM,modeled
centrodetecnologiacognitivahospitalesangeles.com,IBM,modeled
centurytel.com,IBM,modeled
centurytel.com,IBM,modeled
centurytel.com,IBM,modeled
centurytel.com,IBM,modeled
centurytel.com,IBM,modeled
centurytel.com,IBM,modeled
centurytel.com,IBM,modeled
centurytel.com,IBM,modeled
centurytel.com,IBM,modeled
ch1group.com,IBM,modeled
championsgroup.com,IBM,modeled
chanderdhall.com,IBM,modeled
chanderdhall.com,IBM,modeled
cheap-accounting-software.co.uk,IBM,modeled
chilisoft.ch,IBM,modeled
chinasoftcc.com,IBM,modeled
chitkara.edu.in,IBM,modeled
circlecvi.com,IBM,modeled
circlecvi.com,IBM,modeled
circuitech.com,IBM,modeled
citypro.online,IBM,modeled
clcomputing.com,IBM,modeled
clearspeed.com,IBM,modeled
cloudadvisors.net,IBM,modeled
cloudester.com,IBM,modeled
cloudninepointzero.com,IBM,modeled
cloudops.com,IBM,modeled
cloudops.com,IBM,modeled
cloudops.com,IBM,modeled
cloudorcloud.com,IBM,modeled
cloud-power.pl,IBM,modeled
cloudstreamglobal.com,IBM,modeled
cloudsvi.com,IBM,modeled
cloudzilla.io,IBM,modeled
cmdrco.com,IBM,modeled
cogenesis.com,IBM,modeled
cognos-engineers.info,IBM,modeled
comlinkns.com,IBM,modeled
communica.co.jp,IBM,modeled
communicationworksinc.com,IBM,modeled
communicationworksinc.com,IBM,modeled
competitiveadvantageanalysis.com,IBM,modeled
completeitsolution.net,IBM,modeled
comprendrelevin.net,IBM,modeled
computerdiscountmarkt.eu,IBM,modeled
computerhindi.in,IBM,modeled
computermerchants.com.au,IBM,modeled
computer-mouse.ru,IBM,modeled
computer-networks-webdesign.com,IBM,modeled
computernewswire.com,IBM,modeled
computerozity.biz,IBM,modeled
computer-repair-bradenton.com,IBM,modeled
computer-repair-phillipsburg.com,IBM,modeled
computerrepairsmontreal.com,IBM,modeled
computertech888.blogspot.com,IBM,modeled
computerwizardnaples.com,IBM,modeled
computerwizardnaples.com,IBM,modeled
conceptdata.pl,IBM,modeled
consultoresdemexico.com,IBM,modeled
contentdmarketing.com,IBM,modeled
controlmatic.com,IBM,modeled
controlmatic.com,IBM,modeled
convertertechnology.com,IBM,modeled
copstech.com,IBM,modeled
cotswoldfamilymedicine.com,IBM,modeled
craftsmedia.net,IBM,modeled
creately.com,IBM,modeled
creativekeystrokesresumes.com,IBM,modeled
creativekeystrokesresumes.com,IBM,modeled
creativekeystrokesresumes.com,IBM,modeled
crowdvac.com,IBM,modeled
crystalinformatics.com,IBM,modeled
cscompany.com.co,IBM,modeled
cscompany.com.co,IBM,modeled
ctscts.com,IBM,modeled
ctscts.com,IBM,modeled
ctscts.com,IBM,modeled
ctscts.com,IBM,modeled
ctscts.com,IBM,modeled
ctscts.com,IBM,modeled
ctsservices.com,IBM,modeled
ctsservices.com,IBM,modeled
ctsservices.com,IBM,modeled
customsolutionsllc.com,IBM,modeled
cxlavender.com,IBM,modeled
cx-ray.com,IBM,modeled
cybercrimechambers.com,IBM,modeled
cyberdefenseagency.com,IBM,modeled
cyberdudeproductions.com,IBM,modeled
cyberlawmonitor.com,IBM,modeled
cybertrustalliance.com,IBM,modeled
dalecarnegie.com.mx,IBM,modeled
dantech.ca,IBM,modeled
dasher.com,IBM,modeled
dasher.com,IBM,modeled
dasher.com,IBM,modeled
dasher.com,IBM,modeled
dasher.com,IBM,modeled
dasher.com,IBM,modeled
dasher.com,IBM,modeled
dasher.com,IBM,modeled
dasher.com,IBM,modeled
dasmina.com,IBM,modeled
databasetheory.org,IBM,modeled
datacenter.org,IBM,modeled
datacopy.in,IBM,modeled
datacorps.com,IBM,modeled
datacorps.com,IBM,modeled
datafibers-community.github.io,IBM,modeled
datarecoveryhouston.com,IBM,modeled
datarecovery-links.com,IBM,modeled
datarecoveryoakbrook.com,IBM,modeled
dataskill.com,IBM,modeled
dataskill.com,IBM,modeled
dataskill.com,IBM,modeled
datatech.com,IBM,modeled
datatherapy.com,IBM,modeled
dbvisit.com,IBM,modeled
decisiv.com,IBM,modeled
decisiv.com,IBM,modeled
decisiv.com,IBM,modeled
decisiv.com,IBM,modeled
deemsoft.com,IBM,modeled
deemsoft.com,IBM,modeled
delisiassociates.com,IBM,modeled
delisiassociates.com,IBM,modeled
deltabravo.ai,IBM,modeled
deltapoint.com,IBM,modeled
design-altruism-project.org,IBM,modeled
designconstructs.com,IBM,modeled
designers-union.com,IBM,modeled
designqandy.com,IBM,modeled
desinformatica.com.br,IBM,modeled
desktopservices.net,IBM,modeled
digitaler-staat.org,IBM,modeled
digitalgovernment.com,IBM,modeled
digitalgovernment.com,IBM,modeled
digitalmedia360.net,IBM,modeled
digitalprojection.com,IBM,modeled
digitalprojection.com,IBM,modeled
digitaltechtop.com,IBM,modeled
dillaservices.com,IBM,modeled
disrupting-technologies.com,IBM,modeled
divyasree.com,IBM,modeled
dmtsoft.ru,IBM,modeled
docentsystems.com,IBM,modeled
docentsystems.com,IBM,modeled
doitautomatisering.nl,IBM,modeled
dotscorp.com,IBM,modeled
dotscorp.com,IBM,modeled
dragonrocktechnology.com,IBM,modeled
drivewarp.com,IBM,modeled
dsdtest.net,IBM,modeled
dtec.com,IBM,modeled
dualos.com,IBM,modeled
du-bist-nicht-internettauglich.de,IBM,modeled
duncanconsultingllc.com,IBM,modeled
dyshapp.com,IBM,modeled
easenewmedia.com,IBM,modeled
ebridgemarketingsolutions.com,IBM,modeled
ecs.com.br,IBM,modeled
edrutech.com,IBM,modeled
edv-bv.com,IBM,modeled
edwt.org,IBM,modeled
eemlandautomatisering.nl,IBM,modeled
eika-systems.de,IBM,modeled
elixiter.com,IBM,modeled
elixiter.com,IBM,modeled
elmsfordsheetmetal.com,IBM,modeled
emergent360.com,IBM,modeled
emergent360.com,IBM,modeled
emergent360.com,IBM,modeled
emertxe.com,IBM,modeled
eminenttechdesign.com,IBM,modeled
energo-cabinet.ru,IBM,modeled
energydataexpert.com,IBM,modeled
enertechresources.com,IBM,modeled
ennoventure.com,IBM,modeled
envoybusinesssystems.com,IBM,modeled
envoybusinesssystems.com,IBM,modeled
eoansystems.com,IBM,modeled
esipfed.org,IBM,modeled
e-solutionsltd.com,IBM,modeled
evermethod.com,IBM,modeled
evonexus.org,IBM,modeled
evonexus.org,IBM,modeled
e-wavesolutions.com,IBM,modeled
e-wavesolutions.com,IBM,modeled
excaliburengineering.com,IBM,modeled
excaliburengineering.com,IBM,modeled
excaliburengineering.com,IBM,modeled
excaliburengineering.com,IBM,modeled
exlservice.com,IBM,modeled
exlservice.com,IBM,modeled
exlservice.com,IBM,modeled
exlservice.com,IBM,modeled
exlservice.com,IBM,modeled
exlservice.com,IBM,modeled
experianpartnersolutions.com,IBM,modeled
extreme-tech.club,IBM,modeled
fabricatorsoftware.com,IBM,modeled
fadata.eu,IBM,modeled
fancinedigital.com,IBM,modeled
fanucamerica.com,IBM,modeled
farnhamco.ca,IBM,modeled
farnhamco.ca,IBM,modeled
fashiontshirts.blogspot.com,IBM,modeled
fasthiretech.com,IBM,modeled
fccinc.com,IBM,modeled
fccinc.com,IBM,modeled
federateconsulting.com,IBM,modeled
fengxweb.com,IBM,modeled
filesaversdatarecovery.com,IBM,modeled
filesaversdatarecovery.com,IBM,modeled
fintech-at-fifty.com,IBM,modeled
fipsar.com,IBM,modeled
fipsar.com,IBM,modeled
firstlighttec.com,IBM,modeled
fixmycomputerstore.com,IBM,modeled
florafuneralservice.com,IBM,modeled
florafuneralservice.com,IBM,modeled
florafuneralservice.com,IBM,modeled
fogsoftwaregroup.com,IBM,modeled
fogsoftwaregroup.com,IBM,modeled
fonetic.com,IBM,modeled
foresight-network.com,IBM,modeled
formulas.design,IBM,modeled
foxgroup.ca,IBM,modeled
foxgroup.ca,IBM,modeled
fractal.ai,IBM,modeled
fractal.ai,IBM,modeled
fractal.ai,IBM,modeled
fractal.ai,IBM,modeled
fractal.ai,IBM,modeled
francescanicoledesign.com,IBM,modeled
freecomputerdesktopbackgrounds.com,IBM,modeled
frontier-syssol.com,IBM,modeled
frugalnetworker.com,IBM,modeled
fullprime.com.br,IBM,modeled
fullprime.com.br,IBM,modeled
futrfab.com,IBM,modeled
gatsbyjs.com,IBM,modeled
gectech.mx,IBM,modeled
gectech.mx,IBM,modeled
gectech.mx,IBM,modeled
genesis.global,IBM,modeled
genusllc.com,IBM,modeled
geoservice.com,IBM,modeled
gfsfamilyservices.org,IBM,modeled
gfsfamilyservices.org,IBM,modeled
globalcomputersales.com,IBM,modeled
gobins.com,IBM,modeled
gobins.com,IBM,modeled
gofanbase.com,IBM,modeled
gohighinfo.cn,IBM,modeled
goochcpa.com,IBM,modeled
goochcpa.com,IBM,modeled
granvilleislandpublishing.com,IBM,modeled
greatlakesmetrochambers.com,IBM,modeled
greatlakesmetrochambers.com,IBM,modeled
greatlakesmetrochambers.com,IBM,modeled
greatlakesmetrochambers.com,IBM,modeled
greatlakesmetrochambers.com,IBM,modeled
greatlakesmetrochambers.com,IBM,modeled
greatoptions.com,IBM,modeled
greensportsalliance.net,IBM,modeled
greenway-solutions.com,IBM,modeled
grupompr.com,IBM,modeled
gtcomputing.com,IBM,modeled
gtcomputing.com,IBM,modeled
guangmingsjz.com,IBM,modeled
guidesforcontainersandcloudnative.com,IBM,modeled
harding61.com,IBM,modeled
hartrichdesign.com,IBM,modeled
healthcie.com,IBM,modeled
healthmyne.com,IBM,modeled
healthmyne.com,IBM,modeled
highschooldiplomaonlinefree.org,IBM,modeled
hikvision.com,IBM,modeled
hikvision.com,IBM,modeled
hikvision.com,IBM,modeled
his.com,IBM,modeled
hitechwires.com,IBM,modeled
hitechwires.com,IBM,modeled
hkintell.com,IBM,modeled
hmskc.com,IBM,modeled
hoeg-aluminiumservice.de,IBM,modeled
holygraceengineering.com,IBM,modeled
hometechassist.com.au,IBM,modeled
hrtechx.com,IBM,modeled
iarpa.gov,IBM,modeled
iarpa.gov,IBM,modeled
ibmitsolutions.com,IBM,modeled
ibmtaxservices.com,IBM,modeled
ict-consultant.com,IBM,modeled
imason.com,IBM,modeled
imeinc.us,IBM,modeled
impuls-service.org,IBM,modeled
inceptionnet.com,IBM,modeled
incloud360.com,IBM,modeled
indiafintech.com,IBM,modeled
indusitsolutions.com,IBM,modeled
infangercyber.com,IBM,modeled
infinichains.com,IBM,modeled
infinitygcc.com,IBM,modeled
influx.fr,IBM,modeled
infocablys.com,IBM,modeled
infocablys.com,IBM,modeled
informationdoctor.org,IBM,modeled
innerinfo.net,IBM,modeled
innovatorsinternational.com,IBM,modeled
innovatorsinternational.com,IBM,modeled
inovaitsys.com,IBM,modeled
inpromsoft.ru,IBM,modeled
inradoptics.com,IBM,modeled
inradoptics.com,IBM,modeled
inradoptics.com,IBM,modeled
insighttechnicalsolutions.net,IBM,modeled
insighttechnicalsolutions.net,IBM,modeled
insmagro.com,IBM,modeled
inspireninfotech.com,IBM,modeled
insystechinc.com,IBM,modeled
insystus.com,IBM,modeled
insystus.com,IBM,modeled
insystus.com,IBM,modeled
intap.in,IBM,modeled
integracion-de-sistemas.com,IBM,modeled
integratedservices.de,IBM,modeled
integrator.md,IBM,modeled
intelligence.org.il,IBM,modeled
intelligence-radar.com,IBM,modeled
intelsystech.com,IBM,modeled
interactivism.com,IBM,modeled
interactivism.com,IBM,modeled
internetmarketologi.ru,IBM,modeled
internet-siegel.de,IBM,modeled
internetstore.ch,IBM,modeled
internships-southafrica.co.za,IBM,modeled
intranetsystem.com.br,IBM,modeled
investor-com.com,IBM,modeled
investor-com.com,IBM,modeled
iofsolutions.com,IBM,modeled
ionunited.com,IBM,modeled
ipadtech.com,IBM,modeled
ipocomputer.com,IBM,modeled
ironwoodsoftware.com,IBM,modeled
iseriesconsulting.com,IBM,modeled
isinonet.com,IBM,modeled
isoldquilt.com,IBM,modeled
itechgenie.com,IBM,modeled
itechws.com,IBM,modeled
itechws.com,IBM,modeled
itr.cn,IBM,modeled
itr.cn,IBM,modeled
itr.cn,IBM,modeled
itsupportboston.com,IBM,modeled
jacobsenbros.com,IBM,modeled
jamrtechs.com,IBM,modeled
jamrtechs.com,IBM,modeled
jamrtechs.com,IBM,modeled
jandatechnical.com,IBM,modeled
jcts.co.kr,IBM,modeled
jeacoustics.com,IBM,modeled
jiajiao.xueda.com,IBM,modeled
jieweidata.com,IBM,modeled
jobbingmall.nl,IBM,modeled
jobs.atos.net,IBM,modeled
joeslakewoodcomputer.com,IBM,modeled
jonathanverney.com,IBM,modeled
jpmedusolutions.in,IBM,modeled
jps-web.net,IBM,modeled
jrcllc.com,IBM,modeled
jrcllc.com,IBM,modeled
jshaffner.wordpress.com,IBM,modeled
jtgsystems.com,IBM,modeled
jumousa.com,IBM,modeled
jungstech.com,IBM,modeled
k2share.com,IBM,modeled
karmacircles.com,IBM,modeled
kcomputer.fr,IBM,modeled
kdesoftware.com,IBM,modeled
kenfreedsoftware.com,IBM,modeled
keyhole.co,IBM,modeled
klika-tech.com,IBM,modeled
knowledgetechnologies.net,IBM,modeled
knowsysinc.com,IBM,modeled
knowsysinc.com,IBM,modeled
koalateasoftware.com,IBM,modeled
koding.com,IBM,modeled
koding.com,IBM,modeled
koding.com,IBM,modeled
koncero.com,IBM,modeled
koolwebsites.com,IBM,modeled
koverse.com,IBM,modeled
koverse.com,IBM,modeled
krishnatech.in,IBM,modeled
kupitsoftonline.ru,IBM,modeled
langhornecomputers.com,IBM,modeled
langhornecomputers.com,IBM,modeled
laptopoutlet.com.au,IBM,modeled
laptops-computers.be,IBM,modeled
lasoft.com,IBM,modeled
lasoft.com,IBM,modeled
lasoft.com,IBM,modeled
latildedigital.com,IBM,modeled
laubersolutions.com,IBM,modeled
launchny.org,IBM,modeled
lesateliersdupresent.be,IBM,modeled
leverageis.com,IBM,modeled
leverageis.com,IBM,modeled
leverageis.com,IBM,modeled
libraryonding.com,IBM,modeled
lincolnsystems.com,IBM,modeled
lincolnsystems.com,IBM,modeled
linkitlatam.com,IBM,modeled
liptoncpa.com,IBM,modeled
liveperson.com,IBM,modeled
liveperson.com,IBM,modeled
liveperson.com,IBM,modeled
liveperson.com,IBM,modeled
liveperson.com,IBM,modeled
llcuniversity.com,IBM,modeled
locators.bankofamerica.com,IBM,modeled
locators.bankofamerica.com,IBM,modeled
logicmultimedia.in,IBM,modeled
lucidmeetings.com,IBM,modeled
madisonalley.com,IBM,modeled
maestrotek-innovation.com,IBM,modeled
mandmcpas.com,IBM,modeled
manpower.com.hn,IBM,modeled
marketdirectionsmr.com,IBM,modeled
marketing.com.gr,IBM,modeled
marketresearch.com,IBM,modeled
marketresearch.com,IBM,modeled
markhamdistrictenergy.com,IBM,modeled
markhamdistrictenergy.com,IBM,modeled
markhamdistrictenergy.com,IBM,modeled
markotech.eu,IBM,modeled
marqueetec.com,IBM,modeled
martontech.com,IBM,modeled
martontech.com,IBM,modeled
martontech.com,IBM,modeled
mastdatasystems.com,IBM,modeled
mathematikinformation.info,IBM,modeled
mattsmithdesign.com,IBM,modeled
mbintegrations.trustab.org,IBM,modeled
mcdonalds-gewinn.com,IBM,modeled
mchqc.ca,IBM,modeled
mclanetech.com,IBM,modeled
mcocomputer.com,IBM,modeled
mcocomputer.com,IBM,modeled
mcocomputer.com,IBM,modeled
mediamu.web.id,IBM,modeled
mediaunspun.com,IBM,modeled
medienzentrum-straelen.de,IBM,modeled
meetic.fr,IBM,modeled
mentorcloud.com,IBM,modeled
meritalk.com,IBM,modeled
merrittdesign.com,IBM,modeled
microgridsystemslab.com,IBM,modeled
milw-open-source.com,IBM,modeled
mindspark.com,IBM,modeled
mingdaocarservice.com,IBM,modeled
minneapolis.af.mil,IBM,modeled
miskinfomedia.com,IBM,modeled
modelcom.com,IBM,modeled
modelcom.com,IBM,modeled
modelcom.com,IBM,modeled
modelcom.com,IBM,modeled
modernweb.com,IBM,modeled
mofrantech.com,IBM,modeled
moldinspectionandtest.com,IBM,modeled
moldinspectionandtest.com,IBM,modeled
monoc.com,IBM,modeled
monoc.com,IBM,modeled
morelook.cn,IBM,modeled
mosaicunited.org,IBM,modeled
mpcomputers.ca,IBM,modeled
mpscomputech.com,IBM,modeled
msc-it.com,IBM,modeled
msc-it.com,IBM,modeled
multiportservices.com,IBM,modeled
mydataoutlet.com,IBM,modeled
mymyr.cn,IBM,modeled
n4solutionsllc.com,IBM,modeled
n4solutionsllc.com,IBM,modeled
nam.edu,IBM,modeled
napalmtechnologies.com,IBM,modeled
napalmtechnologies.com,IBM,modeled
nativeplanttrust.org,IBM,modeled
nativeplanttrust.org,IBM,modeled
nativeplanttrust.org,IBM,modeled
netbeans.apache.org,IBM,modeled
netcom.vn,IBM,modeled
networkpeople.com,IBM,modeled
networkpeople.com,IBM,modeled
networkpeople.com,IBM,modeled
networkposao.com,IBM,modeled
nge.com.pl,IBM,modeled
nikom.in,IBM,modeled
nippon-rad.co.jp,IBM,modeled
nirmata.com,IBM,modeled
nirmata.com,IBM,modeled
nirmata.com,IBM,modeled
nist.gov,IBM,modeled
nokia.com,IBM,modeled
nokia.com,IBM,modeled
nokia.com,IBM,modeled
nomios.fr,IBM,modeled
notacoalition.org,IBM,modeled
nov.com,IBM,modeled
nov.com,IBM,modeled
nov.com,IBM,modeled
nov.com,IBM,modeled
nov.com,IBM,modeled
nov.com,IBM,modeled
nov.com,IBM,modeled
novisystech.com,IBM,modeled
nsgi-hq.com,IBM,modeled
nsnews.com,IBM,modeled
nucleosistema.com.ar,IBM,modeled
nucleusresearch.com,IBM,modeled
numly.io,IBM,modeled
oahucomputers.com,IBM,modeled
oahucomputers.com,IBM,modeled
octalsoftware.com,IBM,modeled
octalsoftware.com,IBM,modeled
offleasecomputer.net,IBM,modeled
omniscomputers.com,IBM,modeled
omniscomputers.com,IBM,modeled
oneidentity.com,IBM,modeled
onlinehighschooldiploma.co.uk,IBM,modeled
onsideinc.com,IBM,modeled
onx.com,IBM,modeled
onx.com,IBM,modeled
onx.com,IBM,modeled
onx.com,IBM,modeled
onx.com,IBM,modeled
onx.com,IBM,modeled
onx.com,IBM,modeled
onx.com,IBM,modeled
onx.com,IBM,modeled
onx.com,IBM,modeled
onx.com,IBM,modeled
onx.com,IBM,modeled
onx.com,IBM,modeled
onx.com,IBM,modeled
onx.com,IBM,modeled
onx.com,IBM,modeled
opcinfotech.com,IBM,modeled
opengroup.org.cn,IBM,modeled
open-logix.com,IBM,modeled
open-logix.com,IBM,modeled
open-logix.com,IBM,modeled
open-logix.com,IBM,modeled
orbitinfosystems.com,IBM,modeled
origintechnologyassociates.com,IBM,modeled
ourpublicservice.org,IBM,modeled
ourpublicservice.org,IBM,modeled
pacifichearingservice.com,IBM,modeled
pacifichearingservice.com,IBM,modeled
pacifichearingservice.com,IBM,modeled
patentprogress.org,IBM,modeled
pathion.com,IBM,modeled
pathion.com,IBM,modeled
pcsn.net,IBM,modeled
peartreecommunications.com,IBM,modeled
perfect.org,IBM,modeled
permission.io,IBM,modeled
permission.io,IBM,modeled
pfsolutions-mi.com,IBM,modeled
phoenixtechnologiesgov.com,IBM,modeled
picos-software.com,IBM,modeled
pixelforensics.com,IBM,modeled
pixelforensics.com,IBM,modeled
porelinternet.com,IBM,modeled
powered.com.br,IBM,modeled
pqsecurity.com,IBM,modeled
pragmasys.com,IBM,modeled
pragmasys.com,IBM,modeled
pragmasys.com,IBM,modeled
primetechnologies.net.pk,IBM,modeled
printedthermalrolls.com,IBM,modeled
priority5.com,IBM,modeled
priority5.com,IBM,modeled
priority5.com,IBM,modeled
priority5.com,IBM,modeled
probeatssoftware.com,IBM,modeled
prompt-software.de,IBM,modeled
pronet-systeme.com,IBM,modeled
pro-system.pl,IBM,modeled
protected.ru,IBM,modeled
prouse.com,IBM,modeled
psss.com,IBM,modeled
ptsoft.com.vn,IBM,modeled
punetech.com,IBM,modeled
pypestream.com,IBM,modeled
pypestream.com,IBM,modeled
pypestream.com,IBM,modeled
q5partners.com,IBM,modeled
qbox.io,IBM,modeled
qbox.io,IBM,modeled
qbox.io,IBM,modeled
qbox.io,IBM,modeled
qbox.io,IBM,modeled
qbox.io,IBM,modeled
qintellia.com,IBM,modeled
qitx.com,IBM,modeled
qitx.com,IBM,modeled
qitx.com,IBM,modeled
qualit.co.nz,IBM,modeled
quantumball.com,IBM,modeled
quiltykits.com,IBM,modeled
r.com.ar,IBM,modeled
r2it.com,IBM,modeled
r2it.com,IBM,modeled
radcloud.cn,IBM,modeled
ravenflow.com,IBM,modeled
ravenflow.com,IBM,modeled
rcitechnologies.com,IBM,modeled
rcitechnologies.com,IBM,modeled
rec-usa.com,IBM,modeled
redamedia.com,IBM,modeled
redforttech.com,IBM,modeled
red-soft.ru,IBM,modeled
refubium.fu-berlin.de,IBM,modeled
reifer.com,IBM,modeled
relyonit.com,IBM,modeled
remont-nashuatec.ru,IBM,modeled
remote.com,IBM,modeled
renfinity.com,IBM,modeled
rentalhire.net,IBM,modeled
revenera.com,IBM,modeled
revolutiongroup.com,IBM,modeled
revolutiongroup.com,IBM,modeled
revolutiongroup.com,IBM,modeled
riverside.com.au,IBM,modeled
rnscomputers.ca,IBM,modeled
robinsontechnologies.com,IBM,modeled
robinsontechnologies.com,IBM,modeled
roboweb.blog.ir,IBM,modeled
rpatech.in,IBM,modeled
runapps.com,IBM,modeled
rusticus-consulting.de,IBM,modeled
saamananetworks.com,IBM,modeled
sanbisolutions.com,IBM,modeled
sandhata.com,IBM,modeled
sbainfo.in,IBM,modeled
sbainfo.in,IBM,modeled
sbainfo.in,IBM,modeled
sbainfo.in,IBM,modeled
scalematrix.com,IBM,modeled
scalematrix.com,IBM,modeled
scalematrix.com,IBM,modeled
scalematrix.com,IBM,modeled
scienceofdoom.com,IBM,modeled
s-corp.org,IBM,modeled
s-corp.org,IBM,modeled
scruggs.com,IBM,modeled
scsi4me.com,IBM,modeled
sdattaservices.com,IBM,modeled
searchenterpriseai.techtarget.com,IBM,modeled
secunia.com,IBM,modeled
securecybergroup.in,IBM,modeled
securemetric.com,IBM,modeled
seek4media.com,IBM,modeled
sellmorenow.com,IBM,modeled
sellmorenow.com,IBM,modeled
servicearizona.com,IBM,modeled
servicearizona.com,IBM,modeled
servicearizona.com,IBM,modeled
servicearizona.com,IBM,modeled
servicearizona.com,IBM,modeled
servicearizona.com,IBM,modeled
servicearizona.com,IBM,modeled
servicearizona.com,IBM,modeled
servicearizona.com,IBM,modeled
servicearizona.com,IBM,modeled
servicemesh.es,IBM,modeled
service-play.ru,IBM,modeled
servizidiwebmarketing.it,IBM,modeled
shivaelectricals.com,IBM,modeled
shotspotter.com,IBM,modeled
sijsapsolution.com,IBM,modeled
simplesoftware.com.ar,IBM,modeled
siot-ingenieria.com.co,IBM,modeled
sistemietecnologie.com,IBM,modeled
smartsoftcorp.net,IBM,modeled
smarttechit.in,IBM,modeled
socialnative.com,IBM,modeled
socialnative.com,IBM,modeled
softagram.com,IBM,modeled
softaria.ru,IBM,modeled
softaware.fr,IBM,modeled
soften.cn,IBM,modeled
softkey.in,IBM,modeled
softletter100.com,IBM,modeled
softsrooted.com,IBM,modeled
softwareaggov.com,IBM,modeled
softwareaggov.com,IBM,modeled
softwaremedia.com,IBM,modeled
softwaremedia.com,IBM,modeled
softwaremedia.com,IBM,modeled
softwareverify.com,IBM,modeled
soho-voip-phone.com,IBM,modeled
sonatascientific.com,IBM,modeled
sourceauctions.com,IBM,modeled
sowersoftheword.com,IBM,modeled
spensa.org,IBM,modeled
spiderwebstudio.com,IBM,modeled
spirent.com,IBM,modeled
spirent.com,IBM,modeled
spxtechnologies.com,IBM,modeled
spytech-web.com,IBM,modeled
sqlmanager.net,IBM,modeled
sstechlab.com,IBM,modeled
stabilityelectronics.com,IBM,modeled
staffingtechnologies.com,IBM,modeled
staffingtechnologies.com,IBM,modeled
standardregister.com,IBM,modeled
standardregister.com,IBM,modeled
standardregister.com,IBM,modeled
standardregister.com,IBM,modeled
startupstash.com,IBM,modeled
starwind.com,IBM,modeled
statnetics.com,IBM,modeled
stechnologysolutions.com,IBM,modeled
steemasoftware.com,IBM,modeled
stephenlibby.wordpress.com,IBM,modeled
stg4me.com,IBM,modeled
stillwaterleadership.com,IBM,modeled
stillwaterleadership.com,IBM,modeled
storageitsolutions.com,IBM,modeled
storageitsolutions.com,IBM,modeled
strategichorizons.com,IBM,modeled
strategichorizons.com,IBM,modeled
strazcloud.com,IBM,modeled
stripe.com,IBM,modeled
strong-service.ru,IBM,modeled
sunmicroinfosolutions.com,IBM,modeled
sunnysoftwaresolutions.com,IBM,modeled
sunrizecommunications.com,IBM,modeled
superb-software.com,IBM,modeled
supermamki-kabinet.ru,IBM,modeled
survisconsulting.com,IBM,modeled
sygnity.pl,IBM,modeled
tactical-it.com,IBM,modeled
tallygenicom.com.au,IBM,modeled
tannerelectronichardware.com,IBM,modeled
tcisoftware.com,IBM,modeled
teamcssi.com,IBM,modeled
techbox.com.au,IBM,modeled
techbylight.com,IBM,modeled
techclub.info,IBM,modeled
techem.com,IBM,modeled
techmix.net,IBM,modeled
technature.info,IBM,modeled
technewscenters.com,IBM,modeled
technikratgeber24.de,IBM,modeled
technologyminds.net,IBM,modeled
techreviewer.co,IBM,modeled
techtime.news,IBM,modeled
telecom-expertise.com,IBM,modeled
telemarktech.com,IBM,modeled
teliax.com,IBM,modeled
teoco.com,IBM,modeled
teoco.com,IBM,modeled
teoco.com,IBM,modeled
terago.ca,IBM,modeled
terago.ca,IBM,modeled
teramach.com,IBM,modeled
teramach.com,IBM,modeled
teramach.com,IBM,modeled
terasoftus.com,IBM,modeled
terasoftus.com,IBM,modeled
texaschildrens.org,IBM,modeled
texassports.com,IBM,modeled
texassports.com,IBM,modeled
theharvestduo.com,IBM,modeled
thesoftwareparadox.com,IBM,modeled
thespanosgroup.com,IBM,modeled
thespanosgroup.com,IBM,modeled
thomasmca.com,IBM,modeled
thousandoakscomputer.net,IBM,modeled
tiaoma888.com,IBM,modeled
tigraconsult.com.br,IBM,modeled
tigraconsult.com.br,IBM,modeled
tigraconsult.com.br,IBM,modeled
tigraconsult.com.br,IBM,modeled
tigraconsult.com.br,IBM,modeled
timsmithdesign.com,IBM,modeled
tmasoft.de,IBM,modeled
tmax.co.kr,IBM,modeled
tobinsolutions.com,IBM,modeled
tobinsolutions.com,IBM,modeled
tokai-com.co.jp,IBM,modeled
tokai-com.co.jp,IBM,modeled
tombrennansoftware.com,IBM,modeled
toolsgroup.com,IBM,modeled
toolsgroup.com,IBM,modeled
torotecnologia.com.br,IBM,modeled
torotecnologia.com.br,IBM,modeled
traccomputer.com,IBM,modeled
tribesystems.com,IBM,modeled
triwaytechnologies.com,IBM,modeled
tsachoice.com,IBM,modeled
turingsystem.com,IBM,modeled
tutoreye.com,IBM,modeled
twinstate.com,IBM,modeled
two10degrees.com,IBM,modeled
u4tech.com,IBM,modeled
ubiquiti-networks-forum.de,IBM,modeled
ucalgary.ca,IBM,modeled
universal7.com,IBM,modeled
upstream.com.br,IBM,modeled
uptonitservices.com,IBM,modeled
usdigital-llc.com,IBM,modeled
usschematix.com,IBM,modeled
usschematix.com,IBM,modeled
vandanit.com,IBM,modeled
vanta.network,IBM,modeled
vbrick.com,IBM,modeled
vbrick.com,IBM,modeled
vbrick.com,IBM,modeled
vbrick.com,IBM,modeled
vbrick.com,IBM,modeled
vdlsistemas.mx,IBM,modeled
veregyconsulting.com,IBM,modeled
vertebral.com.au,IBM,modeled
virtualgraffiti.com.au,IBM,modeled
visionlogics.com,IBM,modeled
visiononline.com,IBM,modeled
visualsi.com,IBM,modeled
visualsi.com,IBM,modeled
vivaanmarketing.com,IBM,modeled
vonstruenk-consulting.de,IBM,modeled
vrg-infotech.com,IBM,modeled
webbankirr.ru,IBM,modeled
webhosting.net.nz,IBM,modeled
webilent.com,IBM,modeled
weboconnect.com,IBM,modeled
web-print-design.com,IBM,modeled
webscaleworks.com,IBM,modeled
websearchextension.com,IBM,modeled
websiteproductdevelopment.com,IBM,modeled
wegrowtechnology.com,IBM,modeled
wfedbizit.com,IBM,modeled
wflagshipsg.com,IBM,modeled
williamschick.com,IBM,modeled
wisebuyingmall.com,IBM,modeled
wmp.mx,IBM,modeled
wntiva.com,IBM,modeled
woodward-consulting.net,IBM,modeled
worldwidenetworkenterprises.com,IBM,modeled
wpsgi.net,IBM,modeled
wraltechwire.com,IBM,modeled
wsterlingcomputers.com,IBM,modeled
WWW.EMTECINC.COM,IBM,modeled
xcort.com,IBM,modeled
xdc.dk,IBM,modeled
xvt.com,IBM,modeled
ymxdz.cn,IBM,modeled
yukta-consultants.com,IBM,modeled
zealotsconsulting.com,IBM,modeled
zeducorp.com,IBM,modeled
zeducorp.com,IBM,modeled
zhaobaobuy.com,IBM,modeled
zinservtech.com,IBM,modeled
