URL,Category
http://30702100.com/,List of web with pictures
https://abouttechinfo.com/,List of web with pictures
http://www.allmedrcmsolutions.com/,List of web with pictures
https://appwyt.com/,List of web with pictures
http://www.b2bhg.com/,List of web with pictures
http://www.bamadesign100.com/,List of web with pictures
http://www.bankixsystems.com/,List of web with pictures
http://www.captorsoftwaresolutions.com/index.php,List of web with pictures
https://www.chinasoundmap.com/,List of web with pictures
http://www.chinawebdev.com/index.php,List of web with pictures
http://chinawintel.com/,List of web with pictures
http://www.kqn-buy.com/index.php,List of web with pictures
http://yesmybuy.com/,List of web with pictures
http://bigodesign.com.br/,List of web with pictures
https://1000miglia.it/,News
https://www.bayshorebroadcasting.ca/,News
https://biotech-finances.com/,News
https://www.bizcommunity.com/,News
https://blockchainhacker.net/#/news,News
https://medtechasia.in/,News
https://websiteaboutbusiness.com/,News
https://about.visitberlin.de/,Location
https://www.airhelp.com/en-gb/,Location
https://www.bizcourses.com/,Location
https://camposdojordaonaweb.com.br/,Location
https://www.charterworld.com/,Location
https://www.ibuynew.com.au/,Location
http://aboutcegonsoft.com/,Calendar/archives
http://www.artechstudios.com/,Calendar/archives
https://www.askbrien.com/,Calendar/archives
https://www.beisboldata.com/,Calendar/archives
https://betersoft.at.ua/,Calendar/archives
http://www.biocomputingassociates.com/,Calendar/archives
https://biotechcomms.com/,Calendar/archives
http://c-community.net/,Calendar/archives
https://www.cleantechrecruits.com/,Calendar/archives
https://www.communitymedia.net/,Calendar/archives
http://indiawebspace.net/,Calendar/archives
http://learningtechnologies.zone/,Calendar/archives
https://aboutintel.eu/,Endless pictures with texts
https://abouttechinfo.com/,Endless pictures with texts
http://ai-cool.com/,Endless pictures with texts
https://www.airbnb.co.in/,Endless pictures with texts
https://airmotiontechnology.com/,Endless pictures with texts
https://all4android.net/,Endless pictures with texts
https://antonidavia.com/,Endless pictures with texts
https://www.askcybersecurity.com/,Endless pictures with texts
https://azuretrendz.wordpress.com/,Endless pictures with texts
http://b2b-consultant.de/,Endless pictures with texts
https://bestwinsoft.ru/,Endless pictures with texts
https://www.marketwatch.com/,Endless pictures with texts
https://www.bizbash.com/,Endless pictures with texts
http://blockchainmedia.asia/,Endless pictures with texts
http://campingcarweb.jp/,Endless pictures with texts
https://www.chinaz.com/,Endless pictures with texts
https://www.cleanlife-web.net/,Endless pictures with texts
https://cleantechnica.com/,Endless pictures with texts
https://createbrand.ru/,Endless pictures with texts
https://digitalscontent.com/,Endless pictures with texts
https://www.icharts.net/,Endless pictures with texts
https://mosavia.net/,Endless pictures with texts
https://academic-accelerator.com/,Search option
https://anyautomationanswers.com/,Search option
https://bestcompany.com/,Search option
https://businesssupport.vonage.com/businesscloudhome,Search option
https://community.qualys.com/,Search option
https://community.tibco.com/s/,Search option
https://coursalytics.com/,Search option
https://www.findcourses.co.uk/,Search option
https://getcourse.com.au/,Search option
https://academy.abatechnologies.com/login/index.php,Log in
https://animal-health-data.net.au/,Log in
https://app.popinnow.com/#/signin?path=%2Fdashboard,Log in
https://dynamo.dynamosoftware.com/tenant/dynamo.netagesolutions.com/battery_ventures/Portal,Log in
https://www.bestbuybusiness.com/bbfb/en/US/adirect/bestbuy?cmd=OnlineOrderingPageDisplay,Log in
https://bestwebsite.company/?password-protected=login&redirect_to=https%3A%2F%2Fbestwebsite.company%2F,Log in
https://www.cloudcampus.com.cn/login/index.php,Log in
https://community.qnx.com/sf/sfmain/do/home,Log in
https://www.dataguard-academy.de/en/sign_in,Log in
https://my.artistrylabs.com/,Log in
https://plnar-admin-prod-uc.azurewebsites.net/login.html,Log in
http://accessaustralia.com.au/,one page
https://www.alibeckerphotography.com/,one page
http://anywhere-anyone-anytime.net/,one page
http://art-web-design.ru/,one page
https://autotechselectronics.com/,one page
http://bayareadigital.us/,one page
http://betonfuras.net/,one page
http://betriebssysteme.at/,one page
https://www.bettersolutions.ch/,one page
http://big5media.de/,one page
http://www.bigchiefcomputers.com/,one page
http://bigdreamsoft.com/,one page
https://biofeedbacktech.com/,one page
http://brandursachen-service.de/,one page
http://www.brightcommunication.de/,one page
http://computer-repairs-london.com/,one page
https://confluence.hl7australia.com/,one page
http://contractmanagementsystemsaustralia.com/,one page
https://www.digital-culture.de/,one page
https://hauthorn.me/,one page
http://www.informaticaacademie.nl/,one page
http://ledsolutionsaustralia.com.au/,one page
http://www.netazurerangers.com/,one page
https://www.techcamp-aw.de/,one page
http://websitephotography.com/,one page
https://www.actuartech.com/,university hat
https://www.campusbound.com/,university hat
https://cloudcomputingcourses.ie/,university hat
https://americancenteruae.com/,make an appointment/book
https://anytimeanalysis.net/,make an appointment/book
http://anyka.com.cn/,floating picture
http://mg100.com.cn/,floating picture
https://www.afternic.com/forsale/bankoflincoln.com?utm_source=TDFS_DASLNC&utm_medium=DASLNC&utm_campaign=TDFS_DASLNC&traffic_type=TDFS_DASLNC&traffic_id=daslnc&,Go daddy
http://satelliteinternetaccess.net/,Go daddy
https://cloud-about.ru/,Comment section
https://www.designsauthority.com/,Comment section
