URL,Category,meta_description,homepage
http://30702100.com/,List of web with pictures,"Hao Yong De Zu Qiu Jing Cai appTui Jian Ti Gong Zui Kuai Zui Zhun Zui Quan De Zu Qiu Ji Shi Bi Fen ,Bi Fen Zhi Bo , Zu Qiu Bi Fen Zhi Bo Yu Sai Chang Tong Bu ,Geng You Sai Shi Dong Hua Zhi Bo , Shu Ju Tong Ji , Xian Chang Fen Xi Deng Zhuan Ye Shu Ju . ","Hao Yong De Zu Qiu Jing Cai appTui Jian #Zhen Cheng Tui Jian Xia Zai
Li Ji Sou Suo
Re Men Guan Jian Ci :
Wang Zhan Shou Ye
Xing Ye Zi Xun
Ruan Jian Zi Xun
Ping Ce Shi
ITXin Guan Cha
An Zhuo Zi Xun
WPZi Xun
iOSZi Xun
Sai Ban Zi Xun
Hao Yong De Zu Qiu Jing Cai appTui Jian :Lai Si Te Cheng Fei Chang Bang ,Wo Zai
Hao Yong De Zu Qiu Jing Cai appTui Jian :Yi Lang Jiang Yun Xu Fu Nu Jin Ru Ti
Hao Yong De Zu Qiu Jing Cai appTui Jian :Shi Si Zhi Chi Meng Te La De Gong Zuo
Bai Se Mei Zu MX2Dong Shou Wan Jiang 8Yue Tui Chu
Gu Ge Dian Shi Bang Chromecast Shang Shou Wan
Hao Yong De Zu Qiu Jing Cai appTui Jian :Lai Si Te Cheng Fei Chang Bang ,Wo Zai Zhe Hen Kai Xin
Hao Yong De Zu Qiu Jing Cai appTui Jian :Yi Lang Jiang Yun Xu Fu Nu Jin Ru Ti
Hao Yong De Zu Qiu Jing Cai appTui Jian :Shi Si Zhi Chi Meng Te La De Gong Zuo
Android 4.3Gong Han Jing Xiang Xia Zai Di Zhi Fang
Android 4.3 Xin Nexus 7Jin Ri Fa Bu
Ping Ce Shi
|
Bai Se Mei Zu MX2Dong Shou Wan Jiang 8Yue Tui Chu
Ruan Jian Zi Xun
|
<
> Xin Yuan Ren Wu Huan Qu Feng Fu Jiang
Xing Ye Zi Xun
|
Kuai Di Yuan Yin Yu Ke Hu Jiu Fen Jiang Qi Ren Ming Gai Wei ""
Xing Ye Zi Xun
|
2610mAhKe Chai Dian Chi LG G2Xin Zhen Ji Pu Guang
ITXin Guan Cha
|
Gu Ge Ying Liao Lei Feng Zhan Cheng Zhi Ke Lu De Dian Shi Bang
Ping Ce Shi
|
Gu Ge Dian Shi Bang Chromecast Shang Shou Wan
Xing Ye Zi Xun
|
AOCFa Bu 16Ying Cun Bian Xi Shi Xian Shi Qi USB3.0
An Zhuo Zi Xun
|
Android5.0Fu Ti Xin Yi Dai Nexus10Pu Guang
Re Dian Guan Zhu :
Android5.0Fu Ti Xin Yi Dai Nexus10Pu. |. Li Yan Hong De 19Yi Nan Ren De Jue Ding !. |. Ping Guo Zheng Shi Fa Bu iOS7 Beta3. |. Shou Kuan WP8Si He Shou Ji Yao Lai Liao !. |. Hao Yong De Zu Qiu Jing Cai appTui Jian #Zhen Cheng Tui Jian Xia Zai
Jie Mi Wei Ruan Wei He You Zai IE11Jia WebGLZhi
Ke Ji Ju Tou Tong Bing :Gui Mo Guo Da He Xin Chan Pin
WinXPYong Hu Reng Jian Shou De Li You :Gou Yong Jiu
Tao Bao ""Shi Kong "" You Xi Gui Ze Zheng Zai Bian Hua
Wei Xin 5.0:Chuang Ye Zheng Dang Shi
Xian Qu Bian Xian Lie Yue Pao Shen Qi Men Shang Zai Fou ?
Shun Feng Zhang Men Ren Wang Wei :Ma Yun De Ou Xiang ?
2013Nian Mei Guo Shi Da Zui Jia Ke Ji Gu Zhu
Ruan Jian Zi Xun
Soft news
Xing Ye Zi Xun
Ruan Jian Zi Xun
Hao Yong De Zu Qiu Jing Cai appTui Jian :Lai Si Te Cheng Fei Chang Bang ,Wo Zai
Ying Ge Lan Ben Tu Zhong Chang Mai Di Xun Qu Nian Zhuan Hui Zhi Lan Hu Zhi Hou Biao Xian Chu Se ,Zhe Rang Ta Yu Ying Chao Hao Men Man Lian Bu Duan Bei. [Xiang Xi ]
Hao Yong De Zu Qiu Jing Cai appTui Jian :Yi Lang Jiang Yun Xu Fu Nu Jin Ru Ti Yu Guan Guan Kan Zu Qiu Bi Sai
Hao Yong De Zu Qiu Jing Cai appTui Jian :Shi Si Zhi Chi Meng Te La De Gong Zuo
Kuai Di Yuan Yin Yu Ke Hu Jiu Fen Jiang Qi Ren Ming Gai Wei ""Si Jue ""
2610mAhKe Chai Dian Chi LG G2Xin Zhen Ji Pu Guang
AOCFa Bu 16Ying Cun Bian Xi Shi Xian Shi Qi USB3.0Gong Dian
Xbox OneZao Qi Kai Fa Ban Pu Guang Wai Guan Xing Gan
2013Nian Sheng Die Ge Guo Ji Dong Man Zhan
Xin Nexus 7Shang Shou :Geng Qing Bo You Yu iPad mini
<
> Xin Yuan Ren Wu Huan Qu Feng Fu
<
> Zuo Wei Quan Xin Mo Shi De Qi Pai You Xi Jing Ji Ping Tai ,Zai Zhu Zhong You Xi Ci Ji Xing , Liu Chang Xing De Tong Shi. [Xiang Xi ]
Yan Yan Ku Shu Shou Ji Dang Bi Bei Ba Da Bi Shu Ruan Jian
""Fen Nu De Xiao Niao ""Zai Zhong Guo Da Lu Mai Yin Liao
Wei Ruan Gong Bu Zui Xin Yi Zu Chao Piao Liang WindowsBi Zhi
Jie Cao He Zai ![Gan Liao ] You Shi Yao Bu Gan Liao ?
Nvidia 326.19 BetaBan Xian Qia Qu Dong Xia Zai Xiu Fu Duo Ping bug
Jin Shan WPS Office 2013Fa Bu
Wei Xin 5.0Jiang Lian Shou Cai Fu Tong Shang Xian ""Wei Xin Zhi Fu ""
Hu Nan Wei Shi ""Hu La ""2.0 Shang Xian
Ping Ce Shi
ITXin Guan Cha
Bai Se Mei Zu MX2Dong Shou Wan Jiang 8Yue Tui Chu
Da Jia Qi Dai Yi Jiu De Mei Zu MX3Huan Mei Chu Lai ,Bu Guo Bai Se MX2Huan Ke Yi Kan Kan E. Bai Se Mei Zu MX2Zai Pei Zhi Shang. [Xiang Xi ]
Gu Ge Dian Shi Bang Chromecast Shang Shou Wan
MagBak Qing Bo De iPadDuo Gong Neng Pei Jian
ThinkPad X240sRi Ben Zheng Shi Fa Bu Zhen Ji Tu Jie
Xin Nexus 7Kai Xiang Dong Shou Wan
HTC Butterfly S Kai Xiang Tu Shang
Ri Mei Pu Guang Lian Jie iPhoneYu iPhone5Dui Bi Tu
Nuo Ji Ya Lumia1020Kai Xiang Zhao Hei Se Ban Liang Xiang
Dao Qin Er Zi Liao Nexus4Shua Android 4.3Ce Shi
Gu Ge Ying Liao Lei Feng Zhan Cheng Zhi Ke Lu De Dian Shi
7Yue 25Hao Ling Chen ,Dang Da Jia Du Zai Shou Shui De Shi Hou ,Gu Ge Ju Xing Liao Xiao Xing De Xin Pin Fa Bu Hui. Zai Zhe Ge Fa Bu Hui. [Xiang Xi ]
Shi Yao Cai Shi [Hei Ke ] (Hacker)?
15Kuan Chan Pin Dai Ni ""Chuan Yue ""Hui Dao Shang Shi Ji
Da Zhan Lue -Teng Xun Gou Jian Si You Gu Gan Wang
Gao Peng Wang Da Jie Ju :1Nian 9Ge Fu Zong Chi Zhi
Jie Mi Wei Ruan Wei He You Zai IE11Jia WebGLZhi Chi
Ke Ji Ju Tou Tong Bing :Gui Mo Guo Da He Xin Chan Pin Lao Jiu
WinXPYong Hu Reng Jian Shou De Li You :Gou Yong Jiu Hao
Tao Bao ""Shi Kong "" You Xi Gui Ze Zheng Zai Bian Hua
Tui Jian Nei Rong
Xbox OneZao Qi Kai Fa Ban Pu Guang Wai Guan Xing Gan
2013Nian Sheng Die Ge Guo Ji Dong Man Zhan
Ke Da Xun Fei Zheng Shi Fa Bu Shu Ru Fa PCBan
HTC Butterfly S Kai Xiang Tu Shang
Ri Mei Pu Guang Lian Jie iPhoneYu iPhone5Dui Bi Tu
Dao Qin Er Zi Liao Nexus4Shua Android 4.3Ce Shi
WinXPYong Hu Reng Jian Shou De Li You :Gou Yong Jiu Hao
Shou You Tuan Dui Duo Shu Pei Qian Zhuan Yao He :2Nian Shao Guang 700Mo
Kuai Di Yuan Yin Yu Ke Hu Jiu Fen Jiang Qi Ren Ming Gai Wei ""Si Jue ""
Yi Dong Zi Xun
Mobile news
An Zhuo Zi Xun
WPZi Xun
Android5.0Fu Ti Xin Yi Dai Nexus10Pu
Jin Tian Ling Chen Gu Ge Fa Bu Liao Xin Yi Dai Nexus 7He Android 4.3,Er Xian Zai Guo Wai Mei Ti Gei Chu De Zui Xin Xiao Xi. [Xiang Xi ]
An Zhuo 4.3Fa Bu Xin Zeng 4Da Gai Bian 25Ri Tui Song Sheng Ji
Android 4.3Gong Han Jing Xiang Xia Zai Di Zhi Fang Chu
Er Dai Nexus7Bai Si Mai Tou Pao 16GBBan Ben Shou $229.99
Chuan MOTO XShou Jie Di Yu Nexus4 Yue 1800Yuan Qi Shou
Android 4.3 Xin Nexus 7Jin Ri Fa Bu !
MOTO XShou Jie Jiang Di Yu Nexus 4 Yue 1800Yuan Qi Shou
Hong Mi Shou Ji Gui Ge \Jie Ge \Shang Shi Ri Qi Pu Guang
Xin Ban Nexus7Xiang Xi Gui Ge He Xin Wen Zhao Liu Chu
Bei Cui HTC 8XSheng Ji GDR2Geng Xin Hou Bian Zhuan
Mu Qian Yi Jing You Bu Shao Windows Phone 8Shou Dao Liao GDR2Geng Xin ,Qi Zhong HTC 8XJiu Shi Qi Zhong Yi Yuan. Bu Guo Yi. [Xiang Xi ]
HTC 8XTDeng Chang WP8Xi Tong
Bei Ping Guo Shou Gou HopStopJi Ke Ting Zhi WPZhi Chi
Nuo Ji Ya Lumia1020She Bei Chai Ji Tu Chu Xian
Lumia 1020De Guo Shou Jie Pu Guang Shi Zai Shi Bu Bian Yi
Wei Ruan Yan Chang WPXi Tong Zhi Chi Fu Wu Tui Qi Ye Gong Neng Bao
SprintShou Kuan WP8Shou Ji HTC 8XTJiang 19Ri Kai Mai
Win Phone 8.1Xin Ban Xian Shen Kai Fa Zhe Ri Zhi
LGJiang Zai Ci She Zu Windows PhonePing Tai
iOSZi Xun
Sai Ban Zi Xun
iOS7 Beta4Shi Yue Hou Ni Huan Hui Ao Ye Deng
Jin Tian Yi Jing Shi Ping Guo Kai Fa Zhe Wang Zhan Jin Ru Wei Hu De Di Liu Tian ,Xiang Xin Zhe Ge Shi Jian Chang Du Yi Jing Ke Yi Pai Jin Ping Guo. [Xiang Xi ]
iOSBan Xin Lang Wei Bo Geng Xin Qia Pian Jie Mian , Zhu Ye Sheng Ji
Guo Ming Chi Xin Xiao Xi ! 9Yue Di iPhone5SJiang Fa Bu
Lian Xu Si Tian Dang Ji iOSKai Fa Zhe Yao Beng Kui Liao
Yi Si Jin Se Ban iPhone5SZhen Ji Pu Guang
iOSBan ChromeGeng Xin Geng Hao Zheng He GoogleYing Yong
iPhone Lian Jie Ban Zhen Ji Hou Ke Gao Qing Xi Ti Yan
Ping Guo Xin Zhuan Li An Shi iOSShe Bei Jiang Nei Zhi Tou Ying Yi
Ping Guo Bao Fa !iPhone5S iPad5Zhe Jiu Lai Liao
559Yuan !Quan Jian Pan Nuo Ji Ya 210Zheng Shi Shang Shi
559Yuan !Nuo Ji Ya Quan Jian Pan S40Chao Gao Xing Jie Bi Shen Qi Asha 210Jin Ri Zheng Shi Shang Shi Liao. Jian Dan Jie Shao Xia ,Nuo Ji. [Xiang Xi ]
Nuo Ji Ya Chan Pin Bu Ju Zhong Hui SymbianShi Dai
Liu Xia De Zhi You Hui Yi 10Kuan Zui Mei Sai Ban Shou Ji Hui Gu
Yi Ge Gu Hui Ji Sai Ban Kai Fa Zhe De Zi Bai
Sai Ban Yi Si Dan SymbianXi Tong Jiu Jing Chai Zai Na Li ?
Nuo Ji Ya Que Ding 808Shi Zui Hou Yi Kuan SymbianZhi Neng Shou Ji
Jiang Shuang Qia Shuang Dai Jin Xing Dao Di NokiaTui Chu Ru Men Nokia 114
Nuo Ji Ya Fa Bu Asha 205He 206
Xu Hang Chao 3Tian Nuo Ji Ya S40Hong Ping Xin Ji 3080
Re Dian Nei Rong
Suo Ni Fa Yao Qing Han Huo 9Yue 4Ri Fa Bu Xperia i1
Nuo Ji Ya 808Yu Shou Jie Gai Wei 4699Yuan
Bu Yong Deng Sai Ban Sheng Ji Liao Belle FP1Jiu Shi Carla
Chuan Gu Ge 10Yue Fa Android 5.0 Key Lime Pie
Win Phone 8.1Xin Ban Xian Shen Kai Fa Zhe Ri Zhi
QQ2012(S60V3)Beta4Fa Bu Zeng Jia Quan Xin Pi Fu
Xin Yi Dai Nexus7Xi Jie Pu Guang Huo Yue Di Kai Mai
Nuo Ji Ya Fang Qi MeltemiXi Tong Kai Fa Qu Dai S40Ji Hua Pao Tang
iPhone6 Liang Chan ?Fu Shi Kang Zhong Qi Da Gui Mo Zhao Pin
Hao Yong De Zu Qiu Jing Cai appTui Jian #Zhen Cheng Tui Jian Xia Zai
Friends Links
bobTi Yu Bo Cai. |
Bo Gou Ti Yu. |
Ao Men Yin He Guan Wang. |. Guan Zhu Wo Men
Xin Lang Wei Bo
Teng Xun Wei Bo
RSS
Ruan Jian Zi Xun
Xing Ye Zi Xun
Ruan Jian Zi Xun
Ping Ce Shi
ITXin Guan Cha
Yi Dong Zi Xun
An Zhuo Zi Xun
WPZi Xun
iOSZi Xun
Sai Ban Zi Xun
Copyright © 2002-2025 Hao Yong De Zu Qiu Jing Cai appTui Jian Ban Quan Suo You"
https://abouttechinfo.com/,List of web with pictures,Be Technical,"Skip to content
Search for:
Home
About Tech Info
Be Technical
Home
Green Tech
Eco Friendly
Re-Usable
Hardware
Software
Invention
Mobile
General
Computer
Web Tech. Popular Articles
Best social media hacker for hire Reviews
Read More
Have You Considered Moroccan Floor Pouf For Your Residence?
Read More
Group Marrakech Desert Tours
Read More
Saltwater Reef Tank, Pros and Cons
Read More. Latest Happenings
Best social media hacker for hire Reviews
Have You Considered Moroccan Floor Pouf For Your Residence?
Group Marrakech Desert Tours
Saltwater Reef Tank, Pros and Cons
Tv Menu Boards – People Eat With Their Eyes
ExpressVPN Coupon – Why ExpressVPN Is a Reliable, Must-Have Service
Looking Good in Buy Stripe Account
OP Auto Clicker – A New Smart Control for Workoholics. Featured Articles
View
Best social media hacker for hire Reviews
View
Have You Considered Moroccan Floor Pouf For Your Residence?
View
Group Marrakech Desert Tours
View
Saltwater Reef Tank, Pros and Cons
View
Tv Menu Boards – People Eat With Their Eyes
View
ExpressVPN Coupon – Why ExpressVPN Is a Reliable, Must-Have Service
View
Looking Good in Buy Stripe Account
View
OP Auto Clicker – A New Smart Control for Workoholics
View
PHD Thesis Writing Services
View
Evolution Gaming: The New Games
Best social media hacker for hire Reviews
Posted on
March 26, 2022
March 26, 2022. by
admin
Reading this will enlighten you about the best social media hacker for hire. In today’s connected world, we use social media for just about everything. From making phone calls, and sending messages,. Read More
Have You Considered Moroccan Floor Pouf For Your Residence?
Posted on
March 26, 2022
March 26, 2022. by
admin
Moroccan Floor Pouf make your home look graceful and elegant. The right sofa in your living room makes it come alive with beauty and grace. Now that sofas have become a necessity in every home, many s. Read More
Group Marrakech Desert Tours
Posted on
March 3, 2022
March 3, 2022. by
admin
Group Marrakech Desert Tours: The city of Marrakech used to be an imperial city in Morocco, brimming with character. Much of it has been preserved today for the world to see. Being the economic centre. Read More
Saltwater Reef Tank, Pros and Cons
Posted on
February 26, 2022
February 26, 2022. by
admin
A saltwater reef tank can incredibly breath take. When done appropriately, they can cause you to feel like you are perch on a reef in the sea. Saltwater reefs can be more costly to fire up and keep up. Read More
Tv Menu Boards – People Eat With Their Eyes
Posted on
February 19, 2022
February 19, 2022. by
admin
The primary spot that client’s eyes are looking for, after he is put on his seat in any café is “the menu board”. Any café’s center object is to serve food and it is the prim. Read More
ExpressVPN Coupon – Why ExpressVPN Is a Reliable, Must-Have Service
Posted on
February 7, 2022
February 7, 2022. by
admin
For some remote web clients, speed is one of the main parts of a Virtual Private Network. Assuming you will be putting cash in a ExpressVPN Coupon administration, it would do well to be quick. YouR. Read More
Looking Good in Buy Stripe Account
Posted on
February 6, 2022
February 6, 2022. by
admin
This year has seen the insistent return of Buy Stripe Account; everybody is wearing them, from Liz Hurley to Sophie Ellis Bextor. Notwithstanding, while wearing stripes, such countless problems emerge. Read More
OP Auto Clicker – A New Smart Control for Workoholics
Posted on
February 5, 2022
February 5, 2022. by
admin
OP Auto Clicker: How frequently have you pulled your hair toward the beginning of the day. Observing that programming left for the time being has not been done by virtue of some error? The finish to a. Read More
PHD Thesis Writing Services
Posted on
February 3, 2022
February 3, 2022. by
admin
Find out about recruiting a PHD Thesis Writing Services. Proposal altering involves definitely more than editing your MA proposition, and a theory altering administration can do some incredible things. Read More
Evolution Gaming: The New Games
Posted on
January 31, 2022
January 31, 2022. by
admin
Evolution Gaming is an activity experience tie-in computer game for the film Tron: Legacy by Propaganda Games, is distributed by Disney Interactive. It was authoritatively declared at the Spike Video. Read More
1 of 20
1
2
3
…
20
Next »
Calender
March 2022
M
T
W
T
F
S
S. 1
2
3
4
5
6
7
8
9
10
11
12
13
14
15
16
17
18
19
20
21
22
23
24
25
26
27
28
29
30
31. « Feb. Latest Posts
Best social media hacker for hire Reviews
Mar 26, 2022
Have You Considered Moroccan Floor Pouf For Your Residence?
Mar 26, 2022
Group Marrakech Desert Tours
Mar 3, 2022
Saltwater Reef Tank, Pros and Cons
Feb 26, 2022
Tv Menu Boards – People Eat With Their Eyes
Feb 19, 2022
About Us
People who don’t have much knowledge about what is the meaning of web tech have to understand why it is important in our life and why we have to use it. Different companies are providing different types of services and everyone wants to get more customers and users of their services. For this it is very necessary to give top quality of services because people always want to get quality services which are liked by people. To get more customers it is very important to provide bet service to people. We are providing best services because we have years if experience and we know what type of services people want to get. We work according to the requirements of people to fulfill all their needs. People are happy from the services which are according to their choice. So everyone have to take care of customer needs. Archives
Archives
Select Month. March 2022. February 2022. January 2022. December 2021. November 2021. June 2021. April 2021. March 2021. February 2021. January 2021. December 2020. November 2020. October 2020. September 2020. August 2020. July 2020. April 2020. February 2020. January 2020. December 2019. November 2019. October 2019. September 2019. May 2019. April 2019. March 2019. November 2018. August 2018. June 2018. April 2018. March 2018. February 2018. January 2018. December 2017
Recent Comments
Categories
Computer
Eco Friendly
General
Green Tech
Hardware
Invention
Mobile
Re-Usable
Software
Uncategorized
Web Tech. Theme Designed by
Inkhive Designs. © 2022 About Tech Info. All Rights Reserved."
http://www.allmedrcmsolutions.com/,List of web with pictures,AllMed RCM Solutions Pvt Ltd,"
"
https://appwyt.com/,List of web with pictures,"Tang Guo Pai Dui Ji Qiao Cai Qiu Hong Fa Cheng Li Yi Hou Jiu Jian Chi Da Zao Quan Mian Fa Zhan De Shu Zi Hua Yu Le Ping Tai . Sui Zhao Guo Nei Zheng Ti Yu Le Shui Ping De Ti Gao ,Tang Guo Pai Dui Ji Qiao Cai Qiu Hong Fa Nu Li Ning Ju Zui Da Tuan Dui Li Liang ,Yi Chuan Tong Yu Le Wen Hua Wei Gen Ji ,Yi Duo Yuan Hua De Yu Le Fu Wu Rang Wan Jia Xiang Shou Ge Chong Yu Le Le Qu . ","Fu Wu Re Xian :0535-8209058
Dao Hang
Shou Ye
Guan Yu Hai Bo
Chan Pin Jie Jue Fang An
Zhi Liang Kong Zhi
Xin Wen Zi Xun
Ke Hu An Li
Ye Wu He Zuo
Ji Zhu Xia Zai
Lian Xi Hai Bo
Ren Li Zi Yuan
Gong Si Jie Shao
Qi Ye Wen Hua
Qi Ye Li Nian
Tuan Dui Feng Cai
Qi Ye Zi Zhi
Lin Suan Tie Li Dian Chi Zu
UPSDian Yuan
Jiao Zhi Liu Dian Yuan Xi Tong
Da Gong Lu EPS
Ya Chai Kong Zhi Qi
Zhi Liang Kong Zhi
Qi Ye Xin Wen
Xing Ye Dong Tai
Shi Hua
Ye Jin
Dian Li
Shu Ju Zhong Xin
Jin Rong Zheng Quan
Qi Ta
Zhao Shang Dai Li
Zhi Liu Dian Yuan Shou Ce
UPSDian Yuan Shuo Ming
Lian Xi Fang Shi
Ren Cai Zhao Pin
English
Guan Bi
Shou Ye
Guan Yu Hai Bo
Guan Yu Hai Bo
Fan Hui
Gong Si Jie Shao
Qi Ye Wen Hua
Qi Ye Li Nian
Tuan Dui Feng Cai
Qi Ye Zi Zhi
Chan Pin Jie Jue Fang An
Chan Pin Jie Jue Fang An
Fan Hui
Lin Suan Tie Li Dian Chi Zu
UPSDian Yuan
Jiao Zhi Liu Dian Yuan Xi Tong
Da Gong Lu EPS
Ya Chai Kong Zhi Qi
Zhi Liang Kong Zhi
Zhi Liang Kong Zhi
Fan Hui
Zhi Liang Kong Zhi
Xin Wen Zi Xun
Xin Wen Zi Xun
Fan Hui
Qi Ye Xin Wen
Xing Ye Dong Tai
Ke Hu An Li
Ke Hu An Li
Fan Hui
Shi Hua
Ye Jin
Dian Li
Shu Ju Zhong Xin
Jin Rong Zheng Quan
Qi Ta
Ye Wu He Zuo
Ye Wu He Zuo
Fan Hui
Zhao Shang Dai Li
Ji Zhu Xia Zai
Ji Zhu Xia Zai
Fan Hui
Zhi Liu Dian Yuan Shou Ce
UPSDian Yuan Shuo Ming
Lian Xi Hai Bo
Lian Xi Hai Bo
Fan Hui
Lian Xi Fang Shi
Ren Li Zi Yuan
Ren Li Zi Yuan
Fan Hui
Ren Cai Zhao Pin
Zui Xin Zi Xun
Geng Duo Zi Xun >
2021-03-08
Nu Shen Jie :Zhi Jing Zui Mei De Ni Men
Zuo Wei Xin Shi Dai De Nu Xing , Wo Men Gan En Sheng Huo Ye Gan En Yu Jian ,Hu Xu Zhao Ping Fan Er You Zhi Zhao De Nu Li ! Cong Hai Tong Dao Dou Kou ,Man Man Di ,Bu Ru Qing Nian ,Zhong Nian. Shi Guang Cang Lao Liao Rong Yan ,Que Ye Shan Shuo Zhao Zhi Hui Yu Chen Dian. Sui Yue Ru Suo ,Qing Chun. Cha Kan Xiang Qing
2021-02-19
Bian Xi Yi Dong Chu Neng Li Dian Chi (La Gan Xiang Shi )Chan Pin Jian Jie He You Shi
La Gan Xiang Shi Bian Xi Yi Dong Chu Neng Li Dian Chi Chan Pin Jian Jie Bian Xi Yi Dong Chu Neng Li Dian Chi Xi Tong Cai Yong Yi Ti Hua She Ji ,Ji Cha Ji Yong ,Xian Chang An Zhuang , Shi Yong Fei Chang Fang Bian. Ju You Dian Chi Zu Guo Chong , Guo Fang , Guo Liu , Duan Lu He Wen Du Bao Hu ,Ji Dan Ti Dian Chi De. Cha Kan Xiang Qing
2021-02-19
Qing Zhu 2021Hai Bo Dian Qi Kai Gong Da Ji
Yi Nian Zhi Ji Zai Yu Chun ,Chun Feng Jie Dong Yu Shui Jiang ,Nu Li Yi Cong Jin Ri Shi ! Xin De Yi Nian ,Hai Bo Dian Qi Yi Qi Niu Qi Chong Tian ,Yi Lu Ben Xiang Qian ! Shi Bie Tu Zhong Er Wei Ma ,Cha Kan Hai Bo Dian Qi Zhao Pin Jian Zhang !. Cha Kan Xiang Qing
Chan Pin Ji Jie Jue Fang An
Lin Suan Tie Li Dian Chi Zu
UPSDian Yuan
Jiao Zhi Liu Dian Yuan Xi Tong
Da Gong Lu EPS
Zhi Liang Kong Zhi
Ru Han Jian Yan
? Jian Yan He Ge Wu Liao Ru Ku
Bei Jian Fa Liao
? Gen Ju Wu Liao Ming Xi Qing Dan Bei Jian , Bei Qi Fa Liao
Zu Zhuang
? Gen Ju Ji Zhu Tu Zhi , Zu Zhuang Zuo Ye Zhi Dao Shu Jin Xing Zu Zhuang
Jie Xian
? Gen Ju Ji Zhu Tu Zhi , Jie Xian Zuo Ye Zhi Dao Shu Jin Xing Jie Xian
Diao Shi
? Gen Ju Ji Zhu Tiao Jian , Diao Shi Zuo Ye Zhi Dao Shu Jin Xing Diao Shi
Chu Han Jian Yan
? Gen Ju Ji Zhu Tiao Jian Jin Xing Chu Han Jian Yan
Bao Zhuang
? Gen Ju Bao Zhuang Zuo Ye Zhi Dao Shu Bao Zhuang
Fa Huo
? An He Tong Yao Qiu Zhun Bei Fa Huo Zi Liao
Ru Han Jian Yan
Bei Jian Fa Liao
Zu Zhuang
Jie Xian
Diao Shi
Chu Han Jian Yan
Guan Yu Hai Bo
Chang Dao Lu Se Neng Yuan ,Zhu Li Jie Neng Jian Pai. Liao Jie Geng Duo >. Tang Guo Pai Dui Ji Qiao Cai Qiu Hong Fa Zhu Yao Cong Shi Lin Suan Tie Li Dian Chi Zu , Jiao Zhi Liu Dian Yuan Cheng Tao Zhuang Zhi , Lou Yu Zi Dong Hua She Bei , Ji Suan Ji Jian Kong Xi Tong De Yan Fa , Sheng Chan , Xiao Shou He Ji Zhu Fu Wu ,Zhi Li Yu Wei Xin Neng Yuan Ying Yong , Jie Neng Jian Pai He Zhi Neng Dian Wang Ti Gong Zheng Ti Ji Zhu Yu Chan Pin Jie Jue Fang An. Zhu Yao Chan Pin Mian Xiang Gao Ceng Jian Zhu , Dian Li Bian Dian Zhan (Suo ), Fa Dian Han , Shi You Hua Gong , Ye Jin , Gui Dao Jiao Tong Deng Xing Ye. Guan Yu Wo Men
Lian Xi Hai Bo
Qi Ye Gong Han
Rong Yu Zi Zhi
Guan Yu Hai Bo
Gong Si Jie Shao
Qi Ye Wen Hua
Qi Ye Li Nian
Tuan Dui Feng Cai
Qi Ye Zi Zhi
Chan Pin Jie Jue Fang An
Lin Suan Tie Li Dian Chi Zu
UPSDian Yuan
Jiao Zhi Liu Dian Yuan Xi Tong
Da Gong Lu EPS
Ya Chai Kong Zhi Qi
Fen Lei Dao Hang
Xin Wen Zi Xun
Ke Hu An Li
Ye Wu He Zuo
Ji Zhu Xia Zai
Lian Xi Hai Bo
Lian Xi Fang Shi
Shan Dong Sheng Yan Tai Shi Gao Xin Qu Jing San Lu 36Hao Lian Dong UGu Guo Ji Qi Ye Gang A60Hao Lou
marketing@haibodianqi.com
Xiao Shou Zong Ji :0535-8209058
Sao Ma Fang Wen Shou Ji Wang Zhan
You Qing Lian Jie
Chao Chun Shui Ji. |
Lin Suan Tie Li Dian Chi Zu. |
Li Dian Chi Bao Hu Ban. |
Gan Ying Jia Re Lu. |
Sheng Wu An Quan Ju. |
Sui Fang Bao. |
Jian Zhen Tiao. |
Wu Fu Ya Gong Shui She Bei. |
Hun Liao Ji. |
San Xie Luo Ci Gu Feng Ji. |
Xu Dian Chi Ce Shi Yi. |
Jia Yong Pao Bu Ji. |
epsYing Ji Dian Yuan. |
Hu Lan Da Zhuang Ji. |
Xiang Xiao Jie Tou. |
Li Ju Dian Ji Diao Su Qi. |
Kong Qi Dan Huang. |
Qiao Zhuang Jia You Zhan. |
Zhen Kong Shang Liao Ji. |
Bo Li Qing Xi Ji. |
Pei Dian Ju Han Jia. |
Xiang Xiao Mo Fen Ji. |
Gao Ya Dian Yuan. |
Yan Zhou Gang Cai Pi Fa Bu. |
Shi Mo Dian Ji. |
Sheng Hua Pei Yang Xiang. |
Fen Zi Shai. |
Ci Tie Han Jia. |
Lu Dai Shi Pao Wan Ji. |
Si Fu Dian Ji. |
Su Xiao Zhu Su Jia Gong. |
Dian Ci Tie. |
Yan Tai Zhen Kong Beng. |. © Tang Guo Pai Dui Ji Qiao Cai Qiu Hong Fa
Lu ICPBei 15031823Hao -3
Wang Zhan Jian She _Yan Tai Jing Ming Wang Luo
Lian Xi Dian Hua. Zong Ji
0535-8209058
Shou Ji Wang Zhan. Zai Xian Zi Xun
Fan Hui Ding Bu"
http://www.b2bhg.com/,List of web with pictures,"Nan Jing Bi Tu Ying Yu Pei Xun Ji Gou Qi Ye Wu Fan Wei Bao Gua Gou Mai , Xiao Shou He Qi Ta Ru Jin Xing Ying Ye Huo Dong ,Ye Ke Yi Yong Jing Ji Ren Huo Dai Li Shang Shen Fen Cong Shi Huo Dong . Dan Mao Yi Gong Si Bu Lun Cai Yong Na Yi Chong Fang Shi Cong Shi Ye Wu Huo Dong ,Qi Zhi Neng Du Zhi Shi Kai Fa Piao . ","Ke Cheng Sou Suo
Re Men Sou Suo :
Shu Jia Ban
KET
TOEFL
Kao Yan
Ya Si
Zhong Xue Yi Dui Yi
Chu Yi Ying Yu
Gao Yi Shu Xue
4000 031 031
Quan Bu Ke Cheng Fen Lei
Zhong Xue Shu Jia Ban
Xiao Xue Fu Dao
Zhong Xue Fu Dao
Da Xue Kao Shi
Chu Guo Liu Xue
You Neng Yi Dui Yi
Jian Qiao Ying Yu
Guo Ji You Xue
Shu Jia Ban
Ke Cheng Fen Lei
Xiao Xue Sheng
>
San Nian Ji
Si Nian Ji
Wu Nian Ji
Liu Nian Ji
Yi Nian Ji
Ying Yu
Shu Xue
Er Nian Ji
Ying Yu
Shu Xue
Yu Wen
San Nian Ji
Ying Yu
Shu Xue
Yu Wen
Si Nian Ji
Ying Yu
Shu Xue
Yu Wen
Wu Nian Ji
Ying Yu
Shu Xue
Yu Wen
Liu Nian Ji
Ying Yu
Shu Xue
Yu Wen
Chu Zhong Sheng
>
Chu Yi
Chu Er
Chu San (Zhong Kao )
Yi Dui Yi
Chu Yi
Ying Yu
Shu Xue
Yu Wen
Chu Er
Ying Yu
Shu Xue
Yu Wen
Chu San (Zhong Kao )
Ying Yu
Shu Xue
Yu Wen
Wu Li
Hua Xue
Gao Zhong Sheng
>
Gao Yi
Gao Er
Gao San (Gao Kao )
Yi Dui Yi
Gao Yi
Gao Yi :
Ying Yu
Shu Xue
Yu Wen
Wu Li
Hua Xue
Di Li
Gao Er :
Ying Yu
Shu Xue
Yu Wen
Wu Li
Hua Xue
Di Li
Gao Kao :
Ying Yu
Shu Xue
Yu Wen
Wu Li
Hua Xue
Yi Kao Wen Hua Ke
You Neng Yi Dui Liu
Ying Yu
Shu Xue
Yu Wen
Wu Li
Hua Xue
Di Li
Da Xue Sheng Yan Jiu Sheng
>
Kao Yan
Si Ji
Liu Ji
Kao Yan Ji Xun Ying
Da Xue Kao Ji
Si Ji Wu You
Liu Ji Wu You
Si Ji (
Ji Chu
,
Qiang Hua
,
Chong Ci
,
Mo Kao
,
Duo Jie Duan Quan Cheng
)
Liu Ji (
Qiang Hua
,
Chong Ci
,
Mo Kao
,
Duo Jie Duan Quan Cheng
)
Zhuan Ba
Kao Yan Gong Gong Ke
Ying Yu Yi
(
Ji Chu
,
Qiang Hua
,
Chong Ci
,
Mo Kao
,
Jing Jiang Jing Lian
,
Duo Jie Duan Lian Bao
)
Ying Yu Er
(
Ji Chu
,
Qiang Hua
,
Chong Ci
,
Mo Kao
,
Jing Jiang Jing Lian
,
Duo Jie Duan Lian Bao
)
Shu Xue
(
Ji Chu
,
Qiang Hua
,
Jing Jiang Jing Lian
,
Chong Ci
,
Mo Kao
)
Zheng Zhi
(
Ji Chu
,
Qiang Hua
,
Dian Jing
,
Jing Jiang Jing Lian
,
Mo Kao
)
Kao Yan Zhuan Ye Ke
Kao Yan Zhuan Ye Ke Wu You Ji Hua
Kao Yan Zhi Tong Che
Kao Yan Zhi Tong Che
Kao Yan Wu You Ji Hua
Ying Yu
Shu Xue
Zheng Zhi
Zhuan Ye Ke
Quan Ke
Kao Yan Ji Xun Ying
Han Jia Ji Xun Ying
Kao Yan Ji Chu Ji Xun Ying
Kao Yan Qiang Hua Ji Xun Ying
Kao Yan Chong Ci Ji Xun Ying
Zong He Ying Yu
Xin Gai Nian
Kou Yu Feng Bao Ying
Chu Guo Liu Xue
>
Tuo Fu
Ya Si
Xin SAT
SAT*I
GRE
GMAT
Guo Ji You Xue
Xiao Yu Chong
Yu Yan Kao Shi
Tuo Fu (TOEFL)
(
Quan Cheng
,
Qiang Hua
,
Mo Kao
,
Ci Hui
)
Ya Si (IELTS)
(
Ci Hui
,
5.5Fen
,
6.5Fen
,
7Fen
)
Zhong Xue Ru Xue Kao Shi
TOEFL Junior
SSAT
Mei Guo Zhong Xue Tong Bu Ke Cheng
Ben Ke Ru Xue Kao Shi
SAT*I
ACT
AP*Exam
A-LEVEL
Yan Jiu Sheng Ru Xue Kao Shi
GRE
GMAT
Xiao Yu Chong
Ri Yu (Ri Yu Neng Li Kao , Ri Yu Gao Kao , Ri Yu Kao Yan )
Han Yu
De Yu
Fa Yu
Xi Ban Ya Yu
Liu Xue Shen Qing
Mei Guo
Ying Guo
Jia Na Da
Ao Zhou
Xin Xi Lan
Zhong Guo Xiang Gang
Xin Jia Po
Han Guo
Ri Ben
Ma Lai Xi Ya
De Guo
Fa Guo
He Lan
Ai Er Lan
Yi Da Li
Rui Shi
Bei Ou
Dong Xia Ling Ying
>
Guo Ji You Xue Ying
Pao Pao Ting Li Xue Xi Ying
Kao Yan Ji Xun Ying
Mei Guo
Ying Guo
Ao Zhou
Ou Zhou
Xiao Xue
Guo Nei :
Xue Xi Ying
Su Zhi Ti Gao Ying
Guo Nei You Xue Ying
1
2
3
4
5
6
Xin Wen Dong Tai
Re Lie Qing Zhu Zhong Guo Gong Chan Dang Cheng Li 100Zhou Nian
2022Nian QSShi Jie Da Xue Pai Ming Qian 50Yuan Xiao
Xiao Xue Sheng Zuo Wen Bi Bei :Jian Dang 100Zhou Nian Jin Ju !
Jin Tian Kai Shi Ban Li Kua Qu Ru Xue Deng Ji Shou Xu !
Zhi Yuan Tian Bao Yi Jing Kai Shi ,Ge Pi Ci Zhu Yi Shi Xiang Jie Xi
Qi Zhong Kao Shi Hou ,Ni Gai Zen Yao Zuo ?
Xue Xi Fu Wu. Wang Bao Jiao Cheng. Shu Jia Bao Ban. Ding Dan Cha Xun. Jiao Shi Cha Xun. Sou Ke Ping Tai. Zai Xian Ke Tang
html
Re Bao Ban Ji
Liu Xue Kao Shi
Zhong Xue
Xiao Xue
Chu Yi Shu Xue Shu Jia Jing Jin Ban
Si Nian Ji Shu Xue Jing Jin Shu Jia Ban
Ya Si Zhi Tong Che Zhong Ji Ke Cheng (Zhong Xue Sheng )
IELTSDa Xue Sheng 6.5Fen Qiang Hua Ban
Gao Er Shu Xue Shu Jia Jing Jin Ban
Ya Si Mo Kao Ban (Zhong Xue Sheng )
IELTSDa Xue Sheng 6.5Fen Qiang Hua Ban
TOEFLDa Xue Sheng Qiang Hua Ban
IELTSDa Xue Sheng Zhi Tong Che Chu Ji Ke Cheng
Jian Qiao Ya Si Ti Mu Chuan Jiang Level 1
Chu Yi Yu Wen Shu Jia Yu Ding Ban
Chu Er Shu Xue Shu Jia Jing Jin Ban
Chu Yi Ying Yu Shu Jia Yu Ding Ban
Zhong Kao Ying Yu Shu Jia Jing Jin Ban
Gao Yi Ying Yu Shu Jia Jing Jin Ban
Yi Nian Ji Yu Wen Bo Wen Jing Jiang Shu Jia Ban
Yi Nian Ji Ying Yu Jing Jin Shu Jia Ban (Jing Jin level1)
Si Nian Ji Shu Xue Zhuan Xiang Ti Gao Shu Jia Ban
Wu Nian Ji Ying Yu Xing Yuan Shu Jia Ban
Liu Nian Ji Shu Xue Zhi Gao Shu Jia Ban
21Dian
21Dian
w88
bodog
bbin
Huang Jia 88Ping Tai
Mo Xiang Cheng Ti Yu
Mao Xian Sheng
CQ9
500Cai Piao
Bai Du Cai Piao
w88
Bai Du Cai Piao
m88
Ao Men Huang Guan Du Chang
Bo Cai Dao Hang Wang
jbo
Sheng You
m88
bob
CQ9
Mao Xian Sheng
Zhen Ren Ma Jiang
Yong Li
Sha Long Hui
500Cai Piao Wang
Mi Le
suncity
Zhen Ren Bu Ke
Li Ji
allbet
Zhen Ren Ma Jiang
500Cai Piao Wang
Bi Tu Jiao Shi
Gao Zhong Sheng Hua Tuan Dui :Jin Wu Zhi Jing ,Zhi Qing Zhi Mei
Zhong Xue Gao Wu Tuan Dui :Rang Hai Zi Geng Xi Huan Xue Wu Li
Zhong Xue Gao Shu Tuan Dui :Yi Qun Ren Zou De Yuan
You Neng Zhong Xue Gao Ying Tuan Dui :Yong Re Qing Jiao Zhu Qing Chun
Xiao Zuo Zhen :Shang Shan Ruo Shui ,Da Ai Wu Si
Wang Hai Ruo :Bu Wang Chu Xin ,Fang De Shi Zhong
Chen Yu Qi :Gei Jiao Yu Dian Ran Yi Ba Huo
Li Cheng Yi :Xue Er Bu Yan ,Hui Ren Bu Juan
Zhan Gao Hang :Yong Yuan Huai Bao Re Wang ,Yong Yuan Wen Nuan Chun Liang
Cheng Feng :Xin Xiang Yang Shi Chun Tian Bu Yuan
Wang Qi :Shi Liu Zai Guang Yin Bu Fu Shao Hua
Liu Xue
Da Xue
Gao Zhong
Chu Zhong
Xiao Xue
Guo Wai -Ya Si
Sun Chang
Sun Chang
Zhu Shou Ke Cheng :Yu Yan Kao Shi IELTS. Cha Kan Xiang Qing +
Guo Wai -Ya Si
Fan Ao Wen
Fan Ao Wen
Zhu Shou Ke Cheng :IELTSJing Pin Ban. Cha Kan Xiang Qing +
Guo Wai -Ya Si
Yu Yun
Yu Yun
Zhu Shou Ke Cheng :Chu Guo Liu Xue ,IELTS(Ya Si ). Cha Kan Xiang Qing +
Guo Wai -Ya Si
Tang Li
Tang Li
Zhu Shou Ke Cheng :IELTS. Cha Kan Xiang Qing +
Guo Wai -Tuo Fu
Wang Can
Wang Can
Zhu Shou Ke Cheng :Ben Ke Ru Xue Kao Shi AP*Exam,Yu Yan Kao Shi TOEFL(Tuo Fu ). Cha Kan Xiang Qing +
Guo Wai -GRE
He Zheng
He Zheng
Zhu Shou Ke Cheng :Yan Jiu Sheng Ru Xue Kao Shi GRE. Cha Kan Xiang Qing +
Guo Wai -Tuo Fu
Liu Cheng
Liu Cheng
Zhu Shou Ke Cheng :TOEFL(Tuo Fu ),Yan Jiu Sheng Ru Xue Kao Shi GRE. Cha Kan Xiang Qing +
Guo Wai -Tuo Fu
Guo Jing
Guo Jing
Zhu Shou Ke Cheng :TOEFL VIPBan ,VIP TOEFL TPO,TOEFLZhi Tong Che. Cha Kan Xiang Qing +
Da Xue -Ying Yu
Han Qin Qin
Han Qin Qin
Zhu Shou Ke Cheng :Kao Yan Ying Yu. Cha Kan Xiang Qing +
Da Xue -Zheng Zhi
Sun Dan Dan
Sun Dan Dan
Zhu Shou Ke Cheng :Kao Yan Zheng Zhi. Cha Kan Xiang Qing +
Da Xue -Ying Yu
Luo Li
Luo Li
Zhu Shou Ke Cheng :Kao Yan Ying Yu. Cha Kan Xiang Qing +
Da Xue -Ying Yu
Huang Xuan
Huang Xuan
Zhu Shou Ke Cheng :Kao Yan Gong Gong Ke Ying Yu. Cha Kan Xiang Qing +
Da Xue -Ying Yu
Tang Yong Fang
Tang Yong Fang
Zhu Shou Ke Cheng :Kao Yan Ying Yu. Cha Kan Xiang Qing +
Da Xue -Shu Xue
Zheng Yan Ling
Zheng Yan Ling
Zhu Shou Ke Cheng :Kao Yan Shu Xue. Cha Kan Xiang Qing +
Da Xue -Ying Yu
Lu Shu Zhao
Lu Shu Zhao
Zhu Shou Ke Cheng :Kou Yu Ti Gao ,Ting Shuo Du Xie Ba Gao. Cha Kan Xiang Qing +
Da Xue -Zheng Zhi
Li Jie
Li Jie
Zhu Shou Ke Cheng :Kao Yan Gong Gong Ke Zheng Zhi. Cha Kan Xiang Qing +
Gao Zhong -Ying Yu
Wu Yan
Wu Yan
Zhu Shou Ke Cheng :Gao Zhong Ying Yu. Cha Kan Xiang Qing +
Gao Zhong -Ying Yu
Yan Ling Ji
Yan Ling Ji
Zhu Shou Ke Cheng :Gao Zhong Ying Yu. Cha Kan Xiang Qing +
Gao Zhong -Shu Xue
Yang Zhi Peng
Yang Zhi Peng
Zhu Shou Ke Cheng :Gao Zhong Shu Xue. Cha Kan Xiang Qing +
Gao Zhong -Shu Xue
Zhu Jing
Zhu Jing
Zhu Shou Ke Cheng :Gao Zhong Shu Xue. Cha Kan Xiang Qing +
Gao Zhong -Wu Li
Liu Yi Xi
Wang Ying
Zhu Shou Ke Cheng :Gao Zhong Wu Li. Cha Kan Xiang Qing +
Gao Zhong -Wu Li
Zhang Xu Fei
Zhang Xu Fei
Zhu Shou Ke Cheng :Gao Zhong Wu Li. Cha Kan Xiang Qing +
Gao Zhong -Hua Xue
Li Qing Zhou
Li Qing Zhou
Zhu Shou Ke Cheng :Gao Zhong Hua Xue. Cha Kan Xiang Qing +
Gao Zhong -Hua Xue
Chen Shan
Chen Shan
Zhu Shou Ke Cheng :Gao Zhong Hua Xue. Cha Kan Xiang Qing +
Chu Zhong -Ying Yu
Wang Zi Cen
Wang Zi Cen
Zhu Shou Ke Cheng :Chu Zhong Ying Yu. Cha Kan Xiang Qing +
Chu Zhong -Ying Yu
Liu Yu Song
Liu Yu Song
Zhu Shou Ke Cheng :Chu Zhong Ying Yu. Cha Kan Xiang Qing +
Chu Zhong -Shu Xue
Zhou Liao
Zhou Liao
Zhu Shou Ke Cheng :Chu Zhong Shu Xue. Cha Kan Xiang Qing +
Chu Zhong -Shu Xue
Liao Xiao Ling
Liao Xiao Ling
Zhu Shou Ke Cheng :Chu Zhong Shu Xue. Cha Kan Xiang Qing +
Chu Zhong -Yu Wen
She Chen
She Chen
Zhu Shou Ke Cheng :Chu Zhong Yu Wen. Cha Kan Xiang Qing +
Chu Zhong -Yu Wen
Li Lin Jin
Li Lin Jin
Zhu Shou Ke Cheng :Chu Zhong Yu Wen. Cha Kan Xiang Qing +
Chu Zhong -Wu Li
Xu Xiong
Xu Xiong
Zhu Shou Ke Cheng :Chu Zhong Wu Li. Cha Kan Xiang Qing +
Chu Zhong -Wu Li
Huang Zi Yan
Huang Zi Yan
Zhu Shou Ke Cheng :Chu Zhong Wu Li. Cha Kan Xiang Qing +
Xiao Xue -Ying Yu
Wang Rui
Wang Rui
Zhu Shou Ke Cheng :Xiao Xue Ying Yu. Cha Kan Xiang Qing +
Xiao Xue -Ying Yu
Liu Mei
Liu Mei
Zhu Shou Ke Cheng :Xiao Xue Ying Yu. Cha Kan Xiang Qing +
Xiao Xue -Yu Wen
Li Wen
Li Wen
Zhu Shou Ke Cheng :Xiao Xue Yu Wen. Cha Kan Xiang Qing +
Xiao Xue -Yu Wen
Xiang Li Jun
Xiang Li Jun
Zhu Shou Ke Cheng :Xiao Xue Yu Wen. Cha Kan Xiang Qing +
Xiao Xue -Shu Xue
Wang Qi
Wang Qi
Zhu Shou Ke Cheng :Xiao Xue Shu Xue. Cha Kan Xiang Qing +
Xiao Xue -Ying Yu
Wang Xing Zhi
Wang Xing Zhi
Zhu Shou Ke Cheng :Xiao Xue Ying Yu. Cha Kan Xiang Qing +
Xiao Xue -Shu Xue
Zhang Ling
Zhang Ling
Zhu Shou Ke Cheng :Xiao Xue Shu Xue. Cha Kan Xiang Qing +
Xiao Xue -Shu Xue
Liang Peng
Liang Peng
Zhu Shou Ke Cheng :Xiao Xue Shu Xue. Cha Kan Xiang Qing +
Bi Tu Zi Xun
Jiao Yu Zi Xun
Gao Kao
Gao Kao Ying Yu Ting Li Zhu Yi Shi Xiang
Gao Kao Ying Yu :Ru He Zai 35Fen Zhong Nei Zuo Wan 5Pian Yue Du Ti
Kao Hou Cuo Ti Zheng Li Zong Jie Ban Fa
Zhong Kao
2021Zhong Kao Sheng Zhu Yi :Yuan Diao , Si Diao Shi Jian
Zhong Kao Yi Ti Te Chang Sheng De Ren Ding Fang Fa Ji Tiao Jian
Ru He Xue Hao Chu Er Yu Wen Da Lao Chu Zhong Ji Chu
Xiao Xue
Hua Yi Ji Zhao Sheng Ji Ben Xin Xi Pan Dian
Nan Jing Wai Xiao Xin Xi Da Pan Dian
Nan Jing Quan Shi Zhong Xiao Xue Han Jia Shi Jian
Guo Ji Jiao Yu
APKao Shi Guan Fang Wang Zhan Ji Lian Xi Fang Shi
Ying Guo Zhong Xue Liu Xue A-LEVELKe Cheng Jie Shao
Mei Guo AMC8Shu Xue Jing Sai Yi Kai Fang Bao Ming
Da Xue Kao Shi
Ru He Zheng Que De Li Yong Mei Ju Xue Kou Yu
Ting Ya Si Kao Guan 1v1Fen Xi Ni De Kou Yu Shui Ping
Gou Jian Si Lu Zhi Tuo Fu Kou Yu Du Li Hua Ti
You Qing Lian Jie
Wang Shang Bao Ming
Wang Shang Bao Ban Liu Cheng
Jin Ru Wang Bao
Xiao Qu Cha Xun
Xue Yuan Fu Wu
Tui Zhuan Ban Zhi Du
Zhi Fu Fang Shi
Wang Shang Zhi Fu Liu Cheng
Wei Zhi Fu Bao Ming Liu Cheng
Lian Xi Wo Men. Dian Hua :4000-031-031. You Xiang :wh-tousu@b2bhg.com
Jing Ying Xu Ke Zheng Bian Hao :060601. Jing ICPBei 05067667. Jing Gong Wang An Bei :11010802021790Hao. Zi Xun Dian Hua :
4000 027027
Ban Quan Suo You :Bi Tu Jiao Yu Ke Ji Ji Tuan You Xian Gong Si
Lian Xi Ke Fu
Mian Fei Yu Yue
Cheng Shi. {{ cityName }}
{{. `${. Number(counter) < 60. ? `Zhong Xin Fa Song (${counter}Miao )`. : `Fa Song Yan Zheng Ma `. }`. }}
{{. course1. }}. {{ item.name }}
{{. course2. }}. {{ item.name }}. {. this.isRead = !this.isRead;. }. "". >. Yue Du Bing Tong Yi
<
>
He
<
>. Mian Fei Yue Ke. Yue Ke Hou Hui You Zhuan Ye Lao Shi Gei Nin Hui Dian ,Qing Bao Chi Dian Hua Chang Tong. Yi Dong Duan Gou Ke
Yi Dong Ban MZhan
Xiao Cheng Xu Gou Ke
Xiao Cheng Xu Gou Ke
*
Geng Liu Chang
*
Geng Bian Jie
*
Geng Dong Ni
Fan Hui Ding Bu
Ke Fu. Huan Ying Jin Ru Zi Xun Ye Mian. Qing Xuan Ze Zi Xun De Xue Ke Ba !
{{ item.name }}
Zai Xian Zi Xun
21Dian
21Dian
w88
bodog
bbin
Huang Jia 88Ping Tai
Mo Xiang Cheng Ti Yu
Mao Xian Sheng
CQ9
500Cai Piao
Bai Du Cai Piao
w88
Bai Du Cai Piao
m88
Ao Men Huang Guan Du Chang
Bo Cai Dao Hang Wang
jbo
Sheng You
m88
bob
CQ9
Mao Xian Sheng
Zhen Ren Ma Jiang
Yong Li
Sha Long Hui
500Cai Piao Wang
Mi Le
suncity
Zhen Ren Bu Ke
Li Ji
allbet
Zhen Ren Ma Jiang
500Cai Piao Wang"
http://www.bamadesign100.com/,List of web with pictures,"9159Jin Sha You Xi Chang ,www.9159.com,9159You Xi Guan Wang Deng Lu , Zhu Ce , Xia Zai , app, Shou Ji , Ping Tai . Copyright(c) 2007-2020-All Rights Reserved-Ban Quan Suo You ","php include_once(""baidu_js_push.php"") ?
9159Jin Sha You Xi Chang -www.9159.com|Guan Wang. Nin Hao ,Huan Ying Fang Wen 9159Jin Sha You Xi Chang Guan Fang Wang Zhan !
Yi Dong Ban
|
She Wei www.9159.com
|
Shou Cang Ben Zhan
|
Fang Dao Zhuo Mian. 24Xiao Shi Fu Wu Re Xian
13952299222
Bo Li Ping Han www.9159.com
Gong Si Jie Shao
9159You Xi Guan Wang
Xin Wen Dong Tai
Qi Ye Rong Yu
Sheng Chan She Bei
Ke Hu An Li
Gong Si Shi Pin
Lian Xi Wo Men. 9159Jin Sha You Xi Chang Shi Zhu Yao Cong Shi Bo Li Ping Zhi Pin Bao Zhuang She Ji , Zhi Zao Xiao Shou , Ping Gai Pei Tao De Zhuan Ye Han Jia ,Gong Si Zhu Da Chan Pin You Xiao Jiu Ping ,Jiang Cai Ping ,Yin Liao Ping Yi Ji Gan Lan You Ping ,Wen Jian Bo Li Ping Han Wei Yu Mei Li Fu Rao De Wei Shan Hu Xi Pan ,Jin Lin Jing Hang Da Yun He. Jin Pu Long Hai Liang Da Tie Lu Gan Xian , Jing Fu Gao Su Gong Lu Ji Si Tiao Guo Dao Cong Ci Jing Guo ,Ju Xu Zhou Guan Yin Ji Chang Jin Si Shi Gong Li ,Jiao Tong Ji Wei Bian Li ,Bing Qie You Cheng Shou De Huo Yun Wu Liu Fang Shi. Wen Jian Bo Li Ping Sheng Chan Han Jia Zhan Di Mian Ji 30000Ping Fang Mi ,Yong You Xian Jin De Bo Li Ping Quan Zi Dong Sheng Chan Jia Gong She Bei Yi Ji Jian Yan She Bei , Zi Dong Hua Xing Lie Ji Sheng Chan Xian , Zi Dong Xuan Gai Ji He Zhu Su Ji ,Shi Ji Zhu Jiao Xian Jin , Gui Mo Jiao Da , Gui Ge Qi Quan , Yi Chu Kou Chuang Shou Wei Zhu De Du Zi Qi Ye ,Ri Chan Liang Zai 80Mo Zhi Zuo You. Gong Si Cheng Li Yi Lai ,Zhu Jian Pei Yang He Yin Jin Liao Bo Li Ji Zhu , Mao Yi , Wang Luo Ji Zhu Deng Ge Fang Mian De Zhuan Ye Ren Cai. Gong Si Xian You Gu Ding Yuan Gong 1000Yu Ren ,Qi Zhong Yong You Te Ji Ji Zhu Zhi Cheng Ren Yuan 15Ren ,Zhong Ji Ji Zhu Zhi Cheng Ren Yuan 46 Ren ,Zhuan Ye Zhi Jian Ren Yuan 30Ren. Yan Ge An Zhao GB T19001-2000 idt ISO9001:2000Zhi Liang Guan Li Ti Xi Jin Xing Guan Li. ***. [Geng Duo ]. Chan Pin Tui Jian
Jiu Ping -Bao Jian Jiu Ping
Jiang Cai Ping -Guo Jiang Ping
Xiang You Ping -Gan Lan You Ping
Yin Liao Ping -Guo Zhi Ping
Shi Ji Ping -Zu Pei Ping
Shui Bei -Kou Bei (Zeng Pin Xi Lie )
Diao Liao Ping -Diao Wei Ping
Feng Mi Ping -Ka Pei Ping
Hua Zhuang Pin Ping Xi Lie
Jing You Ping -Feng You Jing Ping
Bo Li Guan -Mi Feng Guan
Bo Li Zhu Tai -Zha Zhu Tai
Bo Li Hua Ping -Xiang Xun Ping
Cha Kan Geng Duo
Guan Shan Jiu Ping
Si Ren Ding Zhi Jiu Ping
Xi Qing Jiu Ping
Pin Jian Jiu Ping
Gao Gai Yuan Xing Jiang Cai Ping
Zhi Jia You Ping
Ku Lou Tou Jiu Ping
Fo Tou Jiu Ping
Gao Gai Yuan Zhu Jiang Cai Ping
Yuan Gan Lan You Ping -Shan Cha You Ping
Jing Pin Gan Lan You Ping -Shan Cha You Ping
Er Guo Tou Jiu Ping
Si Fang Jiang Cai Ping
Yuan Xing Jiang Cai Ping
Bo Li Wang Hong Nai Cha Ping. Xin Wen Dong Tai
News
Huang Jiu Ping Zhuang Jin Nian Lai Kai Shi Cheng Xian Yu Lai Yu Nian Qing Hua Qu Shi
You Ping Bao Zhuang Yi Bo Li Wei Zhu ,PETPing Zhuang Ji Zhu Jin Bu Ye Bi Jiao Xun Su
Bo Li Ping Han Jia She Ji Fang An Gong Zuo Neng Li Chou Cheng Gao Xie Gui Ding
Feng Mi Ping Bao Zhuang Shi Chang Fa Sheng Xin De Zhuan Bian
Jiu Ping Bao Zhuang She Ji , Zhi Zuo Dao Xin Shang Zheng Ti Huan Jing De Wan Shan
Huang Jiu Ping Zhuang Jin Nian Lai Kai Shi Cheng Xian Yu Lai Yu Nian Qing Hua Qu Shi
You Ping Bao Zhuang Yi Bo Li Wei Zhu ,PETPing Zhuang Ji Zhu Jin Bu Ye Bi Jiao Xun Su
Bo Li Ping Han Jia She Ji Fang An Gong Zuo Neng Li Chou Cheng Gao Xie Gui Ding
Feng Mi Ping Bao Zhuang Shi Chang Fa Sheng Xin De Zhuan Bian
Jiu Ping Bao Zhuang She Ji , Zhi Zuo Dao Xin Shang Zheng Ti Huan Jing De Wan Shan
Jiu Ping Zhuang Wei He Bian De Yue Lai Yue Xiao ?. Rong Yu Zi Zhi
Honor. Huan Jing Yu She Bei
Environment and equipment
Sheng Chan She Bei 5
Sheng Chan She Bei 4
Sheng Chan She Bei 3
Sheng Chan She Bei 2
Sheng Chan She Bei 1
You Qing Lian Jie :
Bo Li Ping
|
Bo Li Ping Han
|
Xu Zhou Bo Li Ping
|
Bo Li Ping Han
|
Ya Ke Li
|
Yang Sen Shou Shou Bao
|
Wei Mi Shou
|
Xi Men Zi Bian Pin Qi
|
Re Min Da Yin Ji
|
Jin Zhao Zhuang Shi
|
Bai Jiu Ding Zhi
|
uvPing Ban Da Yin Ji
|
Hua Xue Shi Yan Shi Yi Qi She Bei
|
Hong Jiu Jia Meng
|
Bo Li Ping
|
Tu Tao Jiu Gang Pi Fa
|
Su Jing Chao Jing Gong Zuo Tai
|
Shi Pin Ji Liu Suan Mei
|
Bao Zhuang Yin Shua
|
Su Liao Yi La Guan
|
Luo Si Bao Zhuang Ji
|
Shang Hai Bao Zhuang Zhan
|
Ba Bian Feng Bao Zhuang Dai
|
Yang Hua Mei
|
Ge Chi Zha
|
www.9159.com
|
Gong Si Jie Shao
|
9159You Xi Guan Wang
|
Xin Wen Dong Tai
|
Qi Ye Rong Yu
|
Sheng Chan She Bei
|
Ke Hu An Li
|
Gong Si Shi Pin
|
Lian Xi Wo Men
|
Copyright (c) 2019 9159Jin Sha You Xi Chang All Rights Reserved. You Qing Lian Jie Qing Jia QQ:1780283188(Zhu Ming Huan Lian Jie )
Su ICPBei 17058869Hao -4
Bai Du Di Tu
Lian Xi Dian Hua :
13952299222 0516-89862888
Di Zhi :Jiang Su Xu Zhou Bei Jiao Ba Duan Gong Ye Yuan Qu
Lian Xi Wo Men
Ye Wu Zi Xun
1780283188
Er Wei Ma
Ye Wu Dian Hua
13952299222"
http://www.bankixsystems.com/,List of web with pictures,敦煌文川农业科技有限公司-首页,"敦煌文川农业科技有限公司-首页
分享：
首页
公司简介
服务分类
咨询我们
服务介绍
联系我们
网站首页
关于我们
服务项目
新闻中心
服务流程
联系我们
MAIN BUSINESS
我们的主营业务
01
体系中心
SYSTEM CERTIFICATION
02
专利版权
PATENT RIGHTS
03
行业简介
INDUSTRY CERTIFICATION
04
产品介绍
SYSTEM CERTIFICATION
05
商品认证
SYSTEM CERTIFICATION
关于敦煌文川农业科技有限公司-首页
敦煌文川农业科技有限公司-首页尊敬的亲们大家上午好，本公司现有员工355人，全部是本科以上学历，研究生150人占50%以上，我们的团队是一个有钢铁般意志的队伍，年轻有活力颜值高，擅长运动，足球篮球羽毛球等。我最擅长的是潜泳和憋气，团队的座右铭是一切为了客户为了客户的一切。你来找我我就请你吃炒饭，我吃鸡蛋你吃饭。
查看详情
提供一站式企业服务
ONE-STOP BUSINESS SERVICES
鼠
ANNUAL AUDIT
牛
TAX BUSINESS
虎
REPORT LAYOUT
兔
OLD FINISHING
OUR ADVANTAGE
我们的服务优势
专业服务一对一咨询
PROFESSIONAL SERVICES
欢迎您来咨询
PROFESSIONAL SERVICES
很高兴为您服务
PROFESSIONAL SERVICES
NEWS CENTER
公司新闻中心
芒果干和地瓜干区别
欢迎来到龙争虎斗
朝花夕拾还看员工简介
烤肉商标的区别
方便面和外卖区别
给员工加鸡腿
01
敦煌文川农业科技有限公司-首页欢迎你来看
不受欢迎的男人大概都喜欢自吹自擂呢！. 02
敦煌文川农业科技有限公司-首页服务概叙
滑板鞋切克闹，不相被触痛…青春期的伤痕,真是感激不尽，泪如雨下啊！
03
我吃牛肉你吃青菜和火锅底料
你说只不过是橙子是什么意思？这烤肉里面可是包含着女人万千的爱意哪！
OUR PARTNER
我们的合作伙伴
我们的联系方式
800-50671062
地址敦煌文川农业科技有限公司-首页
邮箱没有
在线咨询
关于我们. |. 服务项目. |. 新闻中心. |. 服务流程. |. 联系我们
搜索. 敦煌文川农业科技有限公司-首页
Tel：400-8101175"
http://www.captorsoftwaresolutions.com/index.php,List of web with pictures,,
https://www.chinasoundmap.com/,List of web with pictures,"[Jin Sha js333Bei Yong Di Zhi ,Jin Sha js93252,Jin Sha js9999] He Fa Zhu Ce Wang Zhan ,Zhuan Zhu Yong Hu Zhong Xin ,Xia Zai Dian Zi You Xi ,Zai Xian Shou Ji Bu Yu ,Zhen Ren Shi Xun ,Yu Le Qi Pai ,appGuan Fang Quan Wei Ren Zheng ,Lao Pin Pai Xin Yu Zhi De Xin Lai ,Huan Ying Deng Lu Guan Wang Ru Kou Ti Yan !","Jin Sha js333Bei Yong Di Zhi -Shou Ye (Huan Ying Nin )
Jian Ti Zhong Wen
ENGLISH
Jin Sha js9999
Guan Yu Xian Feng
Xian Feng Jian Jie
Xian Feng Wen Hua
Dong Shi Chang Zhi Ci
Fa Zhan Li Cheng
Zi Zhi Rong Yu
Q & EHSTi Xi
EHSGuan Li Ti Xi
Zhi Liang Guan Li Ti Xi
Jin Sha js93252
Gong Si Xin Wen
Hui Zhan Xin Xi
Gong Si Gong Gao
Jin Sha js333Bei Yong Di Zhi Bao
Chan Pin
Ke Hu Liu Yan
Ren Cai Zhao Pin
Lian Xi Wo Men
[07-12]
Guan Yu Zhao Kai Zhe Jiang Jin Sha js333Bei Yong Di Zhi Gu Fen You Xian Gong Si 2021Nian Di Er Ci Lin Shi Gu Dong Da Hui De Tong Zhi
[06-11]
Zhe Jiang Jin Sha js333Bei Yong Di Zhi Gu Fen You Xian Gong Si Guan Yu 2020Nian Nian Du Gu Dong Da Hui Zeng Jia Lin Shi Ti An De Tong Zhi
[05-31]
Guan Yu Zhao Kai Zhe Jiang Jin Sha js333Bei Yong Di Zhi Gu Fen You Xian Gong Si 2020Nian Nian Du Gu Dong Da Hui De Tong Zhi
[04-07]
Guan Yu Zhao Kai Zhe Jiang Jin Sha js333Bei Yong Di Zhi Gu Fen You Xian Gong Si 2021Nian Di Yi Ci Lin Shi Gu Dong Da Hui De Tong Zhi
Qi Ye Jie Shao
Zhi Liang Wei Shang ,Chuang Xin Ling Xian ,Hu Hui Hu Li ,Gong Tong Fa Zhan
Chan Pin Yu Fu Wu. b
-
Xiong Gan
Ren Cai Zhao Pin
Ren Cai Shi Qi Ye Fa Zhan De Yuan Dong Li ,Yan Na Xian Cai !
Jin Sha js333Bei Yong Di Zhi Bao
2021Nian Di 128Qi Ben Qi Jiao Dian. Shan Xi Sheng Lin Yi Xian Xian Chang Jin Guo Quan Deng Ling Dao Kao Cha Gong Si He Zi Gong Si Wei Feng Yao Ye. 7Yue 29Ri ,Shan Xi Sheng Lin Yi Xian Wei Fu Shu Ji , Xian Chang Jin Guo Quan ,Xian Cai Zheng Ju Ju Chang Li Jin Feng , Xian Zheng Fu Ban Gong Shi Zhu Ren Di Jing Sheng , Xian Zhao Shang Ju Ju Chang Luo Jun , Xian Guo Ye Zhong Xin Zhu Ren Yang Yong He Shan Xi Lu Hai Nong Yao Ke Ji You Xian Gong Si Ji Jing Min Deng Li Lin Gong Si He Zi Gong Si Wei Feng Yao Ye Kao Cha ,Gong Si Dong Shi Chang Wang Wen Biao ,Fu Dong Shi Chang Jian Zong Jing Li Gao Fei Fei Deng Jie Dai. Dong Shi Chang Wang Wen Biao Deng Dui Shan Xi Sheng Yuan Dao Er Lai De Ge Wei Ling Dao Biao Shi Re Lie Huan Ying ,Bing Dai Ling Lai Fang Ling Dao Can Guan Liao Gong Si De Zi Dong Hua Zong Kong Shi He Zi Gong Si Wei Feng Yao Ye De Qi Ye Wen Hua Zhan Ting , Zhi Jian Bu Men. Jin Sha js93252
09-27
Dang Yuan Can Jia ""Xue Dang Shi , Ming Ze Ren , Dan Shi Ming ""Zhu Ti Dang Ri Hui Yi
09-27
Gong Si Zhao Kai Qing Lian Wen Hua Jian She Dong Yuan Da Hui
09-27
Can Jia Tai Zhou Shi Yao Pin An Quan Zhi Hui Jian Guan ""Hei Xia Zi ""Xian Chang Tui Jin Hui
09-27
Can Jia Xue Xi Guan Che Xi Jin Ping Zong Shu Ji ""Qi Yi ""Zhong Yao Jiang Hua Jing Shen
09-27
Gong Hui Guan Ai Dao Qi Ye Xia Song Qing Liang Run Ren Xin
08-26
Shan Xi Sheng Lin Yi Xian Xian Chang Jin Guo Quan Deng Ling Dao Kao Cha Gong Si He Zi Gong Si Wei
08-26
Lin Hai Shi Zheng Xie Fu Zhu Xi Lin Xian Zhang Dao Gong Si Du Cha Zhi Dao Fang Xun Fang Tai Gong
08-26
Shang Tan He Zuo Shi Yi Bai Fang Dang Di Ling Dao Gong Si Dong Shi Chang Wang Wen Biao Fu
08-26
Meng Xiang Cong Zhe Li Qi Hang Gong Si Ju Ban Xin Ru Zhi Da Xue Sheng Zuo Tan Hui
He Zuo Ke Hu
Guan Yu Wo Men
Xian Feng Jian Jie
Xian Feng Wen Hua
Dong Shi Chang Zhi Ci
Fa Zhan Li Cheng
Zi Zhi Rong Yu
Jin Sha js93252
Gong Si Xin Wen
Hui Zhan Xin Xi
Gong Si Gong Gao
Chan Pin Zhan Shi
Qi Ye Ze Ren
EHSGuan Li Ti Xi
Zhi Liang Guan Li Ti Xi
Lian Xi Wo Men
Lian Xi Wo Men
Ke Hu Liu Yan
Ren Cai Zhao Pin. All Rights Reserved. Jin Sha js333Bei Yong Di Zhi Ban Quan Suo You Dian Hua :0576-85686323 Chuan Zhen :0576-89395317. Zhe Gong Wang An Bei 33108202000075Hao. Zhe ICPBei 05083003Hao -1"
http://www.chinawebdev.com/index.php,List of web with pictures,"[!@#免费在线观看]-本站色综合天天综合网无码在免费网站,色天天综合色天天久久婷婷_,亚洲七久久之综合七久久,精品卡一卡二卡三卡四视频版每天关注提供720p高清、1080p高清、蓝光原盘高清、高清3d高清、高清mv最新热门bt种子磁力链迅雷下载网站",". ?. 成都瑞诚航空货运主要业务为成都航空快递,航空货运,宠物托运,进港落地配送,大件货物,瓜果蔬菜,酒类产品,医用药品等空运,可上门取货,电话:028-85884670,028-85884680. 飞机百科
航空公司介绍
机场指南
四川
航空
公司，最快
8
小时到达
航空
快递
，航空
货运
，宠物
托运
，大件
货物
业务咨询订舱：
028-85884670,85884680
客服跟单查询：
028-85884650,85885844
瑞诚首页
公司简介
新闻动态
服务项目
包装展示
案例展示
报价查询
运单查询
服务网点
货运常识
联系我们
运单快速查询
运价查询
出发城市：
到达城市:
报价查询
服务项目
查看更多+. 成都至徐州的标书 当天到. 成都到北京的五粮液. 成都到拉萨的配件航空快. 发桂林的配件. 成都至银川. 成都至宜昌的服装. 发桂林的茅台酒. 成都发至南京的茅台酒. 发往徐州的标书. 成都到大连茅台酒的发运. 到上海的仪器的发运. 成都到合肥的电器的发运. 成都到拉萨的配件航空快. 成都到拉萨的配件航空快. 成都到拉萨的配件航空快
为了回馈新老朋友对我司的帮助和支持， 即日起凡在我司发货的各位货主朋友 都可领取精美礼品一份（8G-16GU盘， 开瓶器、指甲刀、银行卡套、钥匙套、 雨伞）数量有限送完为止。全国统一服务热线：028-8588-4670，028-8588-4680。
成都瑞诚航空货运有限公司. 公司正式成立于2010年，公司主要代理：国货航CA、中国货运航MU、东方航航MU、四川川航3U、南方航空CZ、厦门航空MF、海南航空HU、成都航空EU、祥鹏航空8L、奥凯航空BK 、联合航空KN、西藏航空TV、昆明航空KY、河北航空NS、吉祥航空HO、上海航空FM、深圳航空ZH、山东航空SC、青岛航空QY、乌鲁木齐航UQ、华夏航空G5等航空公司的成都出港货物的货运业务。 公司本着安全第一、客户至上、诚信为本的经营理念全心全意为广大货主朋友排忧解难。并以让货主放心、顺心、舒心、动心，心对心的承诺、门对门的服务理念认真对待每一位货主朋友。公司主营：成都航空快递。成都航空货运，成都宠物空运，成都机场航空快递，成都机场航空货运等空运服务。
查看更多+
案例展示
查看更多+. 关于发票开具. 国宝熊猫托运. 超大超重货物空运. 易碎物品运输. 装甲步战车发动机运输. 猫猫托运郫县至双流至北
货运常识
查看更多+
问：航空运输货物包装的主要原则有哪些呢
答：航空运输货物包装的主要原则有哪些呢？. 1、航空运输货物包装坚固：因为在整. 问：航空运输货物的包装一般要求有哪些呢
答：1.航空运输托运人应根据货物性质和航空运输要求采取合适的包装方法和包装材. 问：航空运输航班飞行小知识
答：航空运输航班飞行小知识. “千里之行、始于足下。”航空运输保障飞行安. 问：航空运输：成都发往北京的空运公司
答：航空运输：成都发往北京的标书. 航空运输是指：就是使用全货机只从事. 问：成都航空宠物托运
答：成都航空宠物托运. 成都航空宠物托运、多种方式供您选择、专车运输确保安. 问： 成都空运的机场-成都双流国际机场
答： 成都空运的机场-成都双流国际机场. 成都双流国际机场:运输机场的主要功能有. 问：成都空运的机场-双流国际机场
答： 成都空运的机场-成都双流国际机场. 成都双流国际机场:运输机场的主要. 问：成都发往上海的空运公司
答：成都发往上海的空运公司. 空运公司指的是：就是使用全货机只从事货物和. 问： 成都空运查询
答： 成都空运查询. 成都空运查询：指的是成都的进港机场货站提货地址和电话和出. 问：成都空运物流
答：成都空运物流. 成都空运物流的概念：用比较通俗的话来说就是用飞机把旅客、. 问： 成都空运货物公司
答： 成都空运货物公司. 成都市一座来了就不想走的城市。成都现在已经是正儿八. 问：成都飞机空运
答：成都飞机空运. 成都飞机空运的概念：始发站是由成都出发的航班、或者. 问：航空运输的关键载体集装器
答： 航空运输飞机装载货物、行李有两种方式，-一种为散装形式，-一种为集. 问：航空运输集装化运输的优越性
答：航空运输集装化运输的优越性. 1. 减少装载次数，降低货物破损率. 货物在始. 问：航空物流集装货物组装原则 1
答：(1)将经过检查适航的航空物流集装箱或航空物流集装板放置在托盘或其他带有滚. 问：航空物流集装箱组装的一般要求细则
答：1)一般要求. 装在航空物流集装箱内的货物应码放紧凑，间隙越小越好，装在. 瑞诚航空
发货
信息滚动列表. 成都的贾**先生 138****7763. 成都托运往三亚的爱犬（我司运单号668-5107****，航空主单号999-8940****） 已发货
√. 成都的周先生 158****2224. 从成都加急空运到北京的护照 （我司运单号668-5107****，航空主单号999-5742****） 已发货
√. 眉山的马女士 130****1028. 寄往嘉峪关的香肠 腊肉 酒 水果。（我司运单号668-5106****，航空主单号876-8038****） 已发货
√. 都江堰的龚厂长 130****1067. 从成都空运到西宁的佛像（我司运单号668-5106****，） 已发货
√. 都江堰的龚厂长 158****7602. 从成都空运到拉萨庄的佛像（我司运单号668-5105****，航空主单号876-5855****） 已发货
√. 成都的代先生 133****8867. 从成都加急空运到青岛的护照和药品（我司运单号668-5104****，航空主单号：999-1249****） 已发货
√. 成都的刘伟先生 138****8732. 从成都加急空运到南宁 北海的树苗（我司运单号668-5100****，航空主单号479-3787****） 已发货
√. 成都**装饰材料公司的邓 131****0800. 从成都空运到温州的皮革制品（我司运单号668-5101****，航空主单号324-2529****。） 已发货
√. 成都的海霸王的崔先生 139****7736. 从成都空运到沈阳的冻牛肉（我司运单号668-5100****，航空主单号784-7195****） 已发货
√. 绵阳的林女士 150****1479. 从成都空运到兰州的汽车钥匙（我司单号668-5105****，航空主单号112-8584****） 已发货
√. 成都**汽车零部件公司的 150****2130. 成都空运到长春的汽车减震器（我司运单号668-5102****。航空主单号：811-5847****，784-9458****） 已发货
√. 成都阿克苏诺贝尔粉末涂 137****2467. 从成都空运到青岛的设备（我司运单号668-5101****，航空主单号784-9531****） 已发货
√. 龙泉****机械模具公司的王 137****4327. 从成都空运到乌鲁木齐的服装（我司运单号668-5103****，航空主单号876-8048****。） 已发货
√
瑞诚航空
收货
客户滚动列表. 成都的贾**先生 138****7763. 成都托运至三亚的爱犬 (我司运单号668-5102****，航空主单号999-8940****) 已签收
√. 成都*****公司的董**先生 15*****925. 成都空运至丽江的卤味，花生油等 (我司运单号668-5103****，航空主单号859-0674****) 已签收
√. 四川****科技有限公司王 132****6620. 从成都加急空运到石家庄的文件 (我司运单号668-5103****，航空主单号836-0268****) 已签收
√. 中铁建筑集团有限公司* 151****5528. 从成都空运到三亚的画册 (我司运单号668-5104***，航空主单号：876-8058****) 已签收
√. 丹棱的肖总 131****0806. 从成都空运到北京的橙子 橘子 (我司运单号668-5103****，航空主单号876-8049****) 已签收
√. 成都的张**先生 137****3845. 从成都加急空运到石家庄的53度酒 (我司运单号668-5105****，航空主单号811-1420****) 已签收
√. 成都的韩女士 158****3415. 从成都空运到深圳的护照签证 (我司运单号668-510*****。航空主单号876-8041****) 已签收
√. 成都三医院钟先生 155****2178. 成都三医院从成都加急空运到上海的血液样本 (我司运单号668-510*****。航空主单号112-7834****) 已签收
√
广汉的朱总. 158****9504. 从成都空运到拉萨的配件 (我司单号668-559****航空单号876-7854****) 已签收
√. 成都****电气公司的张工 135****6506. 成都****电气公司托运到南宁的工具 (我司运单号668-5102****。航空公司主单号：999-7321****) 已签收
√. 成都军区*******的王参谋 151****0226. 从成都加急空运到乌鲁木齐的图纸资料 (我司运单号668-510*****。航空主单号876-8041****) 已签收
√. 成都****的胡女士 189****6658. 从成都空运到宁波的89件服装 (我司运单668-5103***。航空主单：811-1421****) 已签收
√. 郫县高新区的潘先生 180****7231. *****设计公司空运到深圳的图纸 (我司单号668-**04337。航空单号784-7197****) 已签收
√
公司新闻
查看更多+
航空货运提货时发现货物. 出现这种情况，咱们收货人要先找航空公司或地面代理提供货物不正常的证明，需要写清楚货物破损的情况、数量等问题，并且要求给出合理的说明及相应的赔偿方案。一般在国际运输. 查看更多. 成都航空货运公司有哪些？——四川航空货运公
2021-06-25. 给父亲的备注是什么？——四川航空货运公司
2021-06-20. 玻璃杯可以买保险吗？——四川航空货运公司
2021-06-17. 玻璃杯可以空运吗？——四川航空货运公司
2021-06-17. 成都国航提货位置在哪里？——四川航空货运公
2021-06-09. 直接到机场发航空件怎么发？——四川航空货运
2021-06-09
行业动态
查看更多+
嘉峪关机场开通重庆=兰州=嘉. 嘉峪关机场开通重庆=兰州=嘉峪关=敦煌 来源： 中国民航网 2015年1月1日 16:56:12 中国民航网 通讯员赵虎 报道：2015年元旦,承载新一年的幸福期盼, 由华夏航空. 查看更多. 成都瑞诚航空货运：空运费何时下调
2021-02-21. 成都机场托运—航空托运公司
2021-02-21. 霍尼韦尔采用区块链检索飞机及零部件数据
2021-02-20. 为何机舱病毒传染率极低？揭秘来了！
2021-02-20. 变异新冠成2021新考验 外航开始新一轮航班减减减
2021-02-20. 杜绝航空餐食浪费的倡议书
2021-02-20. 友情链接：
四川航空快递网
成都航空快递网
今日达航空货运网
今日达航空快递网
成都航空托运网
四川航空托运网
虚拟主机
四川航空物流网
四川空运物流网
成都航空物流网
航空快递物流网
网站首页
服务项目
案例展示
包装展示
报价查询
运单查询
新闻动态
在线预约
资质证书
公司简介
服务网点. Copyright ? 成都瑞诚航空货运有限公司版权所有 备案号：
蜀ICP备13009141号-3
电脑网址：
www.chinawebdev.com，. 手机网址：
m.schkgs.com
业务、咨询、订舱：028-85884670 、. 028-85884680. 客户服务经理：罗. 莉：181-0822-9452（微信同号）工作QQ：2176595150. 客户服务经理：唐婷婷：181-0822-2047（微信同号）工作QQ：2970602902. 客户服务经理：王. 玲：189-8088-6984（微信同号）工作QQ：3351307013
客户服务经理：胡雨琪：189-8189-7403（微信同号）工作QQ：434696461
客户服
务经理：郑小红：138-8081-5006（微信同号）工作QQ：498936870
客户服务经理：张. 婷：181-0822-5294
（
微信同号
）工作QQ：935533245. 驻机场操作负责人：胡. 林：134-5861-8897（微信同号）工作QQ：1021096882. 服务质量监督及检查：李先生13980727403微信同号
公司地址：成都市双流区机场南货运路2号（中航货站外侧100米）. 导航搜索：成都瑞诚航空快递，成都瑞诚航空货运. QQ咨询
客户服务经理:434696461(胡雨琪)
客户服务主管:2774148887(郑小红)
客户服务经理:935533245(李延兵)
客户服务主管:1021096882(胡 林)
客户服务经理:498936870(唐婷婷)
客户服务经理:3351307013(蔡玉莲)
客服经理:2176595150(罗莉)
联系手机
客户服务经理. (胡雨琪)
:189-8189-7403
客户服务主管. (郑小红)
:138-8081-5006
客户服务经理. (李延兵)
:189-8188-7403
客户服务主管. (胡 林)
:134-5861-8897
客户服务经理. (唐婷婷)
:18108222047
客户服务经理. (蔡玉莲)
:18980886984
客服经理. (罗莉)
:18108229452
联系座机
业务咨询:028-85884670
业务咨询:028-85884680
客服咨询:028-85884650
发票咨询:028-85885844
微信号
客户服务经理. (胡雨琪)
:189-8189-7403
客户服务主管. (郑小红)
:138-8081-5006
客户服务经理. (李延兵)
:189-8188-7403
客户服务主管. (胡 林)
:134-5861-8897
客户服务经理. (唐婷婷)
:18108222047
客户服务经理. (蔡玉莲)
:18980886984
客服经理. (罗莉)
:18108229452
返回顶部
色综合天天综合网无码在免费网站,色天天综合色天天久久婷婷_,亚洲七久久之综合七久久,精品卡一卡二卡三卡四视频版"
http://chinawintel.com/,List of web with pictures,,
http://www.kqn-buy.com/index.php,List of web with pictures,"Shen Bo Hui Yuan Deng Lu Wang Zhi Zhong Guo Zui Da De You Xi Gong Si He Shi Jie Di Er Da You Xi Gong Si ,Shen Bo Hui Yuan Wang Zhan Ru Kou Shi Hen Duo Zhu Ming De Yu Le Ming Ren Men Zhi Ding De You Xi Chang Suo ,Shi Xian Dai Ge Xing Hua Yu Le De Chuang Xin Mo Shi ,Shen Bo Hui Yuan Deng Lu Wang Zhi Yong You He Zhang Wo Zui Qi Ma De Dian Zi Ji Zhu . 
","Shen Bo Hui Yuan Deng Lu Wang Zhi _Shen Bo Hui Yuan Wang Zhan Ru Kou -Dian Ji Jin Ru
Shou Ye
Hua Shang Guo Ji
>
Qi Ye Gai Kuang
>
Qi Ye Zi Zhi
>
Zu Zhi Ji Gou
>
Qi Ye Rong Yu
>
Li Shi Yan Ge
Dang Jian Wen Hua
>
Dang Jian Wen Hua
>
Qi Ye Wen Hua
Xin Wen Zi Xun
>
Hua Shang Shi Xun
>
Ji Zhu Dong Tai
Ye Wu Ling Yu
>
Zhu Ying Ye Wu
>
Zhu Yao Ke Hu
Ye Ji Zhan Shi
Lian Xi Wo Men
Ye Ji Zhan Shi
Bei Jing 2022Nian Dong Ao Hui Yan Qing Guo Jia Gao Shan Hua Xue Zhong Xin
+
Bei Jing 2022Nian Dong Ao Hui Yan Qing Guo Jia Gao Shan Hua Xue Zhong Xin. Gao Shan Hua Xue Xiang Mu Bei Cheng Zuo ""Dong Ao Hui Huang Guan Shang De Ming Zhu "",7Tiao Xue Dao Yi Tuo Hai Tuo Shan Tian Ran Shan Xing Gui Hua Jian She ,Quan Chang 21Gong Li ,Yi Tuo Hai Tuo Shan Yong You Yue 900Mi Luo Chai ,Jian Cheng Hou Jiang Shi Guo Nei Zui Gao Deng Ji De Gao Shan Hua Xue Sai Dao. 3000Duo Mi Po Mian Chang Du De Tian Ran Di Xing You Shi ,Chuang Zao Ge Chong Huan Jing Chai Yi Bing Cun De Sai Dao ,Tian Ran ""Shan Shi ""Zuo Wei Sai Dao Zhu Yao Yao Su ,Zhe Yi Te Se Ji Sai Dao Ben Shen De Nan Du Jiang Que Li Yan Qing Hai Tuo Shan Hua Jiang Sai Dao Zai Shi Jie Gao Shan Sai Dao Zhong De Di Wei. Cha Kan Xiang Xi >>
-
Wo Er Ma Hua Nan Sheng Xian Pei Song Zhong Xin Sheng Da Kai Ye Hua Shang Guo Ji Zhu Li Kai Qi Sheng Xian Leng Ku Xin Ji Yuan
+
Wo Er Ma Hua Nan Sheng Xian Pei Song Zhong Xin Sheng Da Kai Ye Hua Shang Guo Ji Zhu Li Kai Qi Sheng Xian Leng Ku Xin Ji Yuan. Jin Ri ,You Quan Qiu Gui Mo Zui Da De Ling Lei Zi Chan Guan Li Gong Si Zhi Yi De Bo Feng Zi Chan Tou Zi Jian She De Wo Er Ma Hua Nan Sheng Xian Pei Song Zhong Xin Sheng Da Kai Ye ?;Tan Shi koTao Xing Xun Jing CHHang Wei Cheng Zhui koTang Shao Pu Xin Hang Hai Bao +Wei He Yu Shuo Meng Jin Kang Na Ba Quan Biao ?, She Ji Yi Ji Hou Qi Shi Gong Jian She (EPC),Bing Cheng Jian Zao Guo Ji Biao Zhun Yi Liu Leng Ku De Li Nian ,Kai Qi Liao Sheng Xian Pei Song Leng Ku Xin Ji Yuan. Cha Kan Xiang Xi >>
-
Bai Shi Jin Gu Er Qi Jing Guan Fang An
+
Bai Shi Jin Gu Er Qi Jing Guan Fang An. She Ji Shi Jian :2014Nian. Yong Di Gui Mo :202185Ping Fang Mi Gong Neng Nei Rong :Ju Zhu Qu Jing Guan. Xiang Mu Jie Shao :Ben Xiang Mu Yi ""Yang Guang Xi , Sen Lin ?!Bi Shao Pu Xiao ?,Xi Wang Zhe Shi Yi Ge ""Chu ""Ze Xiang Shou Fan Hua De Du Shi Sheng Huo , ""Ru ""Ze Xiang Shou Zhu Jing De Jia Ju Sheng Huo De Zi Ran Ren Wei She Qu. Zheng Ge Xiang Mu Yi Shui Yuan Su Guan Chuan Quan Yuan ,Hui Liu Cheng Xi ;Zai Zhi Wu Chong Zhi Shang Ze Yi Qiao Mu Wei Zhu ,Lu Shu Cheng Lin. Cha Kan Xiang Xi >>
-
Kuai Le Feng Shi Pin (An Hui )You Xian Gong Si
+
Kuai Le Feng Shi Pin (An Hui )You Xian Gong Si. Xiang Mu Gui Mo Nian Chan 10,000 Dun Shou Shi ,Mei Ban Yue 50 Dun ,Zhu Yao You Bao Zi Jia Gong Sheng Chan Xian He You Tiao Jia Gong Sheng Chan Xian Yi Ji Dan Bing Jia ,Gong Sheng Chan Xian Zu Cheng ,Wei Kuai Le Feng Ji Tuan Qi Xia De Yong He Da Wang Can Ting Ji Guo Nei Qi Ta Da Xing Can Yin Lian Suo Dian Gong Huo. Cha Kan Xiang Xi >>
-
Da Lian Yi Du Ji Fa Leng Cang Wu Liu You Xian Gong Si Er Qi Leng Cang Xiang Mu
+
Da Lian Yi Du Ji Fa Leng Cang Wu Liu You Xian Gong Si Er Qi Leng Cang Xiang Mu. Yue 100,000 Dun Leng Ku , Duo Ceng Da Kua Du Gang Jin Hun Ning Tu Kuang Jia Jie Gou , Chui Zhi Jiao Tong Cai Yong Kuai Su Sheng Jiang Ji. Cha Kan Xiang Xi >>
-
Fu Zhou Bao Shui Gang Qu Li Jia Guo Ji Wu Liu Yuan B-1 B-3Leng Ku Xiang Mu
+
Fu Zhou Bao Shui Gang Qu Li Jia Guo Ji Wu Liu Yuan B-1 B-3Leng Ku Xiang Mu. Yue 3Mo Dun ,Duo Ceng Tu Jian Leng Ku. Cha Kan Xiang Xi >>
-
Guo Jia Chu Bei Leng Ku
+
Guo Jia Chu Bei Leng Ku. Quan Guo Shi Yi Ge Sheng Shi ,10,000 Dun Zuo Zhuan Wei Di Wen Rou Pin Chang Qi Chu Cang She Ji ,Xian Jin De Wen Shi Du , Feng Su Kong Zhi ,Zui Da Xian Du Jian Shao Gan Hao. ,Duo Ceng Di Wen Zhan Tai Cai Yong Jian Jie Leng Que Yi Jiang Di An Quan Feng Xian ,Wu Ren Zhi Shou Zi Dong Hua Xi Tong. Cha Kan Xiang Xi >>
-
Liao Yu Ji Tuan Qi Hao Leng Ku Gong Cheng
+
Liao Yu Ji Tuan Qi Hao Leng Ku Gong Cheng. Yue 35000Tuo De Zi Dong Li Ti Leng Ku. Gong Cheng Tou Zi 1Yi Yuan. Cha Kan Xiang Xi >>
-
Yan Zhou Mo Da Hua Xue Le Yuan
+
Yan Zhou Mo Da Hua Xue Le Yuan. Yan Zhou Mo Da Hua Xue Le Yuan Shi Di Si Dai Shi Nei Hua Xue Chang ,Bing Xue Fu Gai Mian Ji Da 5Mo Duo Ping Mi ,Mian Ji Chao Guo 10Ge Zu Qiu Chang ,You 1Mo Duo Ping Fang Mi Chao Da Yu Xue Qu He Jin 30Ge Yu Xue Xiang Mu ,Yong You Quan Qiu Zui Chang Chu Ji Dao He Quan Qiu Zui Da Xi Xue Qu ,Shi Shi Jie Di Er Da Shi Nei Hua Xue Chang ,Hua Xue Chang Nei You 4Tiao Ge Chong Nan Du De Xue Dao ,Bao Han Chu Xue Zhe Dao , Chu Ji Xue Dao , Zhong Ji Xue Dao He Xue Qiao Dao ,Zui Chang De Yi Tiao Wei 460Mi ,Chui Zhi Luo Chai 66Mi mm,Ke Tong Shi Rong Na 3000Ren Hua Xue He Yu Xue. Cha Kan Xiang Xi >>
-
Guo Jia Cheng Pin You Chu Bei Neng Li Jian She Gui Zhou Gong Cheng
+
Guo Jia Cheng Pin You Chu Bei Neng Li Jian She Gui Zhou Gong Cheng. Gui Mo Zong Chu Liang Wei 30Mo m³,Yuan You Di Mian Ku 9Mo m³,Xin Jian Fu Tu Ku 21Mo m³ ?Gong Cheng Di Chu Shan Qu ,Di Xing Fu Za ,Yuan You Di Mian Ku 9Mo m³Wei Wo Yuan She Ji ,Ben Ci Xin Jian Fu Tu Ku 21Mo m³,Di Xing Gao Chai Guan Xi Geng Qu Fu Za ,Shu Nan Du Jiao Da De Shan Qu You Ku ,She Ji Gen Ju Fu Tu Ku Te Dian ,Jie Jue Liao Guan Qu Ji Bu Gui Ze Dai Xing De Dao Lu Zhi Jian De Xiang Hu Guan Xi ,Qie Yin Di Yin Shi Jie Jue Zong Tu Shu Xiang Guan Xi. Gong Yi Liu Cheng Xian Jin , He Li ,Cao Zuo Fang Bian ,Diao Du Ling Huo. Cha Kan Xiang Xi >>
-
Zheng Da Shi Pin You Xian Gong Si Bai Mo Tou Sheng Zhu Tu Zai Ji Shi Pin Jia Gong Xiang Mu
+
Zheng Da Shi Pin You Xian Gong Si Bai Mo Tou Sheng Zhu Tu Zai Ji Shi Pin Jia Gong Xiang Mu. Xiang Mu Gui Mo Sheng Zhu Tu Zai 300 Tou Xiao Shi ,3,000 Tou Tian ;Ri Chan Di Wen Rou Zhi Pin 100 Dun , Zheng Da Zai Guo Nei Xing Jian De Di Yi Pi Sheng Zhu Tu Zai Jia Gong Han ,Zi Dong Hua Cheng Du Bi Jiao Gao ,Dai Biao Zhao Guo Nei Wai Zui Xian Jin De Sheng Zhu Tu Zai Sheng Chan Gong Yi Ji Pei Zhi. Cha Kan Xiang Xi >>
-
Zhong Pin Biao Zhun Hua Rou Lei Zong He Jia Gong Chan Ye Shi Fan Ji Di
+
Zhong Pin Biao Zhun Hua Rou Lei Zong He Jia Gong Chan Ye Shi Fan Ji Di. Xiang Mu Gui Mo 3,000 Tou Ban ,Cong Shi Nong Chan Pin Jia Gong , Shi Pin Zhi Zao He Wen Kong Gong Ying Lian Fu Wu Yu Yi Ti ,Zhu Dao Chan Pin Bao Gua Leng Xian Rou , Di Wen Rou Zhi Pin Xi Lie He Zong He Jia Gong Chan Pin. Cha Kan Xiang Xi >>
-
He Nan Fu Xi Shi Pin You Xian Gong Si Shou Shi Jia Gong Han
+
He Nan Fu Xi Shi Pin You Xian Gong Si Shou Shi Jia Gong Han. Xiang Mu Gui Mo Ji Shou Shi Sheng Chan Xian 4Tiao Ji Leng Ku ,Zong Tou Zi Yue 20000Mo ,Gai Xiang Mu Wei Yu He Nan Sheng Zhou Kou Shi Xi Hua Xian Gong Ye Yi Lu. Ji Shou Shi Sheng Chan Xian 4Tiao Ji Leng Ku. Cha Kan Xiang Xi >>
-
Dian Ji Wu Xian Ke Neng ,Xin Shang Geng Duo Ye Ji
Xin Wen Zi Xun
Lan Tian Zhi Se Ao Xiang Zhi Zi | Hua Shang Guo Ji Zhong Biao Bei Jing Da Xing Guo Ji Ji Chang Lin Kong Jing Ji Qu Leng Lian Wu Liu Xiang Mu
Zhu Bo Mei Shan Guo Ji Leng Lian Gong Ying Lian Ping Tai Xiang Mu | Jiang Xin Ying Zao , Jing Gong Chuang Zuo Guo Ji Leng Lian Shu Niu Gang
Hua Shang Chu Pin | Gui Lin Shi Lin Gui Qu Si Tang Ku Qu Ying Ji Liang Shi Cang Chu Jian She Gong Cheng
Xi Xun | Zhong Guo Gong Cheng Jian She Biao Zhun Hua Xie Hui Shang Mao Fen Hui Xi Huo You Xiu Fen Zhi Ji Gou Rong Yu Cheng Hao
Di Shi Liu Jie Quan Guo Leng Lian Da Hui Ji Di Shi San Jie Quan Guo Leng Dong Leng Cang Chan Ye Chuang Xin Fa Zhan Nian Hui Zai Sha Men Zhao Kai. Your browser does not support the video tag. Nin De Liu Lan Qi Bu Zhi Chi video Biao Qian. Que. Ding
Lian Xi Wo Men
Di Zhi :Bei Jing Shi Feng Tai Qu Feng Tai Qu You An Men Wai Da Jie 99Hao Hua Shang Ke Ji Da Sha
Hua Shang Guo Ji Gong Ye Ban Kuai :010-83194007
Hua Shang Guo Ji Jian Zhu Ban Kuai :010-83556991
Hua Shang Guo Ji Gong Cheng Jian She Gong Si :010-63558989
Ban Quan Suo You :Hua Shang Guo Ji Gong Cheng You Xian Gong Si Internal Trade Engineering Design & Research Institute
Jing ICPBei 20018182Hao
Jing Gong Wang An Bei 11010602103644Hao
Shen Bo Hui Yuan Deng Lu Wang Zhi _Shen Bo Hui Yuan Wang Zhan Ru Kou -Dian Ji Jin Ru"
http://yesmybuy.com/,List of web with pictures,"Ya Ying Ti Yu [(yesmybuy.com)] Shi Ti Yu Wan Jia Men Xiang Shou You Xi De Huan Le Zhi Di ,Ya Ying Ti Yu Guan Wang Bing Cheng Zhao Wei Wan Jia Zhao Xiang Er Kai Fa De Xian Shang Yu Le Mo Shi ,Ya Ying Ti Yu APPYong You Ye Jie Zui Gao Xian Jin Fan Shui Ji You Hui ...
","Wang Zhan Shou Ye
Chan Pin Zhong Xin
Xin Wen Zi Xun
Guan Yu Ya Ying Ti Yu
Lian Xi Ya Ying Ti Yu
7Nian Fu Zhuang She Ji Zhi Xuan ,Zui Zui Gao Duan De Fu Wu She Ji !
Liao Jie Xiang Qing
Di Su Shi Shang Dong Mi :Gong Si Can Yu ""STARTER""BLun Shi Wei Liao Geng Shen
He Ge Wei Xian Zhi Liang Wei Ben Zhong Qing Li Tai Fu Shi Ji Tuan Rong Huo Zhong Guo Zhi
Lian Yu Shou Shi Jian Du Bian ""Juan ""Liao Fu Zhuang Xing Ye De Xian Huo Du Zai Ya
Ya Ying Ti Yu Di Su Shi Shang :Gong Si Can Yu Qi BLun Shi Wei Liao Geng Shen Ru
Guan Yu Ya Ying Ti Yu. Ya Ying Ti Yu Jian Chi Yi Ren Wei Ben De Jie Zhi Qu Xiang ,Yi He Fa De Fang Shi Jian Xing Qi Ye Fa Zhan Zhi Lu. Gong Si Zi Cheng Li Yi Lai ,Yi Zhi Bing Cheng Cheng Xin Jing Ying De He Xin Li Nian ,Jian Shou Zheng Pin Xing Huo ,Ti Chang Zhi Liang Di Yi ;Gong Si Jian Chi Gu Ke Wei Ben De Fu Wu Li Nian ,Bao Zhang Yong Hu Ti Yan ,Cheng Wei Ling Xian Quan Qiu De Xin Biao Gan ! Tong Shi ,Wo Men Bu Wang Chu Xin ,Ji Ji Lu Xing Qi Ye She Hui Ze Ren ,Li Zu Yu Ji Zhu Chuang Xin ,Wei Cheng Shi Yun Ying , Qi Ye Jing Ying , Ge Ren Xiao Fei Sheng Huo Chuang Zao Jie Zhi. Kai Fa Mu Biao Wo Men Jiang Ji Ji Tuo Zhan Quan Qiu Shi Chang ,Tui Jin Hai Wai Ye Wu Ben Di Hua ,You Hua Hai Wai Shou Ru Jie Gou ,Jin Yi Bu Shi Xian Quan Qiu Shi Chang Tuo Zhan He Ye Wu Sheng Ji. Kai Fa Lu Xian Bu Duan Tou Ru He Pei Yu Ji Zhu Chuang Xin Li Liang ,Ti Sheng Qi Ye Zong He Jing Zheng Li ,Bu Duan Li Yong Zi Shen Zai Ji Zhu Yan Fa , Fang An She Ji , Fu Wu Zhi Chi , Yun Ying Can Yu Deng Fang Mian De You Shi ,Shi Xian Chan. Liao Jie Xiang Qing !
Qing Xin Ke Ai. Gong Si Ren Wei Cheng Xin Shi Yi Qie He Zuo De Ji Chu ,Kuan Rong Shi Jie Jue Wen Ti De Qian Ti ,Chuang Xin. Quan Wen
Peng Ke Fu Zhuang. Gong Si Ren Wei Cheng Xin Shi Yi Qie He Zuo De Ji Chu ,Kuan Rong Shi Jie Jue Wen Ti De Qian Ti ,Chuang Xin. Quan Wen
Tao Xin Duan Xiu. Gong Si Ren Wei Cheng Xin Shi Yi Qie He Zuo De Ji Chu ,Kuan Rong Shi Jie Jue Wen Ti De Qian Ti ,Chuang Xin. Quan Wen
Fu Gu Wei Mei Hua Yuan Lian Yi Qun. Gong Si Ren Wei Cheng Xin Shi Yi Qie He Zuo De Ji Chu ,Kuan Rong Shi Jie Jue Wen Ti De Qian Ti ,Chuang Xin. Quan Wen
Shui Zhong Lian Yi Qun Hua. Gong Si Ren Wei Cheng Xin Shi Yi Qie He Zuo De Ji Chu ,Kuan Rong Shi Jie Jue Wen Ti De Qian Ti ,Chuang Xin. Quan Wen
Mei Nu Bai Se Lian Yi Qun Zheng Mian. Gong Si Ren Wei Cheng Xin Shi Yi Qie He Zuo De Ji Chu ,Kuan Rong Shi Jie Jue Wen Ti De Qian Ti ,Chuang Xin. Quan Wen
Tiao Wen Bai Se Qun Bai. Gong Si Ren Wei Cheng Xin Shi Yi Qie He Zuo De Ji Chu ,Kuan Rong Shi Jie Jue Wen Ti De Qian Ti ,Chuang Xin. Quan Wen
Peng Ke Tiao Wen Ku. Gong Si Ren Wei Cheng Xin Shi Yi Qie He Zuo De Ji Chu ,Kuan Rong Shi Jie Jue Wen Ti De Qian Ti ,Chuang Xin. Quan Wen
Gai Mo Ban You Ya Ying Ti Yu Zhi Zuo Fen Xiang ,Ben Zhan Wei Yi Wang Zhi :Www.yesmybuy.com Jia Ru VIPJi Ke Xia Zai Quan Bu Mo Ban ,Lian Xi QQ:1032560860
Bo Da Mian Fei Dian Hua :0880-95667701
Copyright © 2002-2017 Ya Ying Ti Yu Ban Quan Suo You
Power by DedeCms
Wang Zhan Shou Ye. |
Chan Pin Zhong Xin
|
Xin Wen Zi Xun
|
Guan Yu Ya Ying Ti Yu
|
Lian Xi Ya Ying Ti Yu"
http://bigodesign.com.br/,List of web with pictures,"Estúdio de design e programação em Goiânia/Brasil. Desenvolvemos projetos de identidade visual, editorial e web. Entre em contato (62) 3932-7441.","Portfolio
O Bigo
Contato
— Menu —
Portfolio
O Bigo
Contato
Identidade Visual
Web
Gráfico
Todos
My Winery – Identidade Visual
Identidade Visual
Rushmix – Identidade Visual
Web
Oharu Japanese Experience – Site
Web
Unyt Arquitetura de Resultados – Site
Web
Rushmix Site
Web
Moca Padaria
Gráfico, Identidade Visual
Oharu Japanese Experience
Gráfico, Identidade Visual
Talentos Photo Formaturas
Identidade Visual
Vex Marcenaria de Alto Padrão
Gráfico, Identidade Visual
Raphael Alves – Personal Trainer
Gráfico, Identidade Visual
Drogaria Atend Farma
Identidade Visual
Motor Minas
Gráfico, Identidade Visual
Belém & Abrão
Identidade Visual
Wanessa Lopez
Gráfico
Draft Mkt
Web
Movimente
Identidade Visual
Sinpro Goiás
Identidade Visual, Web
Agrotécnica
Identidade Visual
Danilo Rodrigues
Identidade Visual
Estrelato
Identidade Visual
Unifio
Identidade Visual
Sugar Blog
Identidade Visual, Web
Laert Carneiro
Identidade Visual
Impacto Street Surf Wear
Identidade Visual
Fast Calhas
Identidade Visual
Drogão Popular
Identidade Visual
Carolina Camara
Identidade Visual, Web
Andreia Xavier
Identidade Visual
Ai Que Finas
Identidade Visual, Web. 62 98126-3244
contato@bigodesign.com.br. Área do cliente"
